2026-05-17 22:59:09 | DEBUG | P02 | No variables found in .env
2026-05-17 22:59:09 | INFO | P02 | === RUN START ===
2026-05-17 22:59:09 | INFO | P02 | project=P02
2026-05-17 22:59:09 | INFO | P02 | repo_dir=streaming-02-kafka
2026-05-17 22:59:09 | INFO | P02 | python=3.14.3
2026-05-17 22:59:09 | INFO | P02 | os=Windows 11
2026-05-17 22:59:09 | INFO | P02 | shell=powershell
2026-05-17 22:59:09 | INFO | P02 | cwd=.
2026-05-17 22:59:09 | INFO | P02 | github_actions=False
2026-05-17 22:59:09 | INFO | P02 | ========================
2026-05-17 22:59:09 | INFO | P02 | START producer main()
2026-05-17 22:59:09 | INFO | P02 | ========================
2026-05-17 22:59:09 | INFO | P02 | ROOT_DIR = .
2026-05-17 22:59:09 | INFO | P02 | DATA_DIR = data
2026-05-17 22:59:09 | INFO | P02 | SALES_CSV = data\sales.csv
2026-05-17 22:59:09 | INFO | P02 | ========================
2026-05-17 22:59:09 | INFO | P02 | SECTION A. Acquire
2026-05-17 22:59:09 | INFO | P02 | ========================
2026-05-17 22:59:09 | INFO | P02 | Loading settings from .env...
2026-05-17 22:59:09 | INFO | P02 | KAFKA_BOOTSTRAP_SERVERS           = localhost:9092
2026-05-17 22:59:09 | INFO | P02 | KAFKA_TOPIC                       = product-sales-case
2026-05-17 22:59:09 | INFO | P02 | PRODUCER_MESSAGE_COUNT            = 6
2026-05-17 22:59:09 | INFO | P02 | PRODUCER_MESSAGE_INTERVAL_SECONDS = 2.0
2026-05-17 22:59:09 | INFO | P02 | KAFKA_CLEAR_TOPIC_ON_START        = False
2026-05-17 22:59:09 | INFO | P02 | Verifying Kafka connection...
2026-05-17 22:59:09 | INFO | P02 | Kafka port is reachable.
2026-05-17 22:59:11 | INFO | P02 | ========================
2026-05-17 22:59:11 | INFO | P02 | SECTION P. Produce Messages
2026-05-17 22:59:11 | INFO | P02 | ========================
2026-05-17 22:59:11 | INFO | P02 | Sending messages...
2026-05-17 22:59:11 | INFO | P02 | Sending up to 6 message(s) to topic 'product-sales-case'.
2026-05-17 22:59:11 | INFO | P02 | Watch each sale arrive. Press CTRL+C to stop early.

2026-05-17 22:59:11 | INFO | P02 | {
  order_id: e7324981-a9f0-419f-b708-d0a333451fff
  datetime: 2026-05-04T08:11:00Z
  region_id: US-TX
  currency_code: USD
  product_id: PY-STREAM-005
  unit_price: 59.99
  quantity: 3
  is_online: true
  customer_id: CUST-4150
  is_new_customer: false
  device_type: tablet
  payment_method: paypal
  referral_source: paid_search
  discount_code: 
  customer_note: Gift for my team
}
2026-05-17 22:59:11 | INFO | P02 |   Sending message with key=US-TX
2026-05-17 22:59:17 | ERROR | P02 | !!!!!!!!!!!!!!!!!!!!!!!!!!!!!!!!!
The message was generated, but Kafka did not accept it.
Kafka did not confirm message delivery.
Details:
    KafkaError{code=_MSG_TIMED_OUT,val=-192,str="Local: Message timed out"}

CHECK:
1. Confirm Kafka is running.
2. Confirm the topic exists.
3. Confirm the broker is reachable at localhost:9092.
4. Try MANAGE_TOPIC.md to verify Kafka independently of Python.
!!!!!!!!!!!!!!!!!!!!!!!!!!!!!!!!!
2026-05-17 22:59:17 | ERROR | P02 | Producer stopped before completing all messages.
2026-05-17 23:05:18 | DEBUG | P02 | No variables found in .env
2026-05-17 23:05:18 | INFO | P02 | === RUN START ===
2026-05-17 23:05:18 | INFO | P02 | project=P02
2026-05-17 23:05:18 | INFO | P02 | repo_dir=streaming-02-kafka
2026-05-17 23:05:18 | INFO | P02 | python=3.14.3
2026-05-17 23:05:18 | INFO | P02 | os=Windows 11
2026-05-17 23:05:18 | INFO | P02 | shell=powershell
2026-05-17 23:05:18 | INFO | P02 | cwd=.
2026-05-17 23:05:18 | INFO | P02 | github_actions=False
2026-05-17 23:05:18 | INFO | P02 | ========================
2026-05-17 23:05:18 | INFO | P02 | START producer main()
2026-05-17 23:05:18 | INFO | P02 | ========================
2026-05-17 23:05:18 | INFO | P02 | ROOT_DIR = .
2026-05-17 23:05:18 | INFO | P02 | DATA_DIR = data
2026-05-17 23:05:18 | INFO | P02 | SALES_CSV = data\sales.csv
2026-05-17 23:05:18 | INFO | P02 | ========================
2026-05-17 23:05:18 | INFO | P02 | SECTION A. Acquire
2026-05-17 23:05:18 | INFO | P02 | ========================
2026-05-17 23:05:18 | INFO | P02 | Loading settings from .env...
2026-05-17 23:05:18 | INFO | P02 | KAFKA_BOOTSTRAP_SERVERS           = localhost:9092
2026-05-17 23:05:18 | INFO | P02 | KAFKA_TOPIC                       = product-sales-case
2026-05-17 23:05:18 | INFO | P02 | PRODUCER_MESSAGE_COUNT            = 6
2026-05-17 23:05:18 | INFO | P02 | PRODUCER_MESSAGE_INTERVAL_SECONDS = 2.0
2026-05-17 23:05:18 | INFO | P02 | KAFKA_CLEAR_TOPIC_ON_START        = False
2026-05-17 23:05:18 | INFO | P02 | Verifying Kafka connection...
2026-05-17 23:05:18 | INFO | P02 | Kafka port is reachable.
2026-05-17 23:05:26 | INFO | P02 | ========================
2026-05-17 23:05:26 | INFO | P02 | SECTION P. Produce Messages
2026-05-17 23:05:26 | INFO | P02 | ========================
2026-05-17 23:05:26 | INFO | P02 | Sending messages...
2026-05-17 23:05:26 | INFO | P02 | Sending up to 6 message(s) to topic 'product-sales-case'.
2026-05-17 23:05:26 | INFO | P02 | Watch each sale arrive. Press CTRL+C to stop early.

2026-05-17 23:05:26 | INFO | P02 | {
  order_id: e7324981-a9f0-419f-b708-d0a333451fff
  datetime: 2026-05-04T08:11:00Z
  region_id: US-TX
  currency_code: USD
  product_id: PY-STREAM-005
  unit_price: 59.99
  quantity: 3
  is_online: true
  customer_id: CUST-4150
  is_new_customer: false
  device_type: tablet
  payment_method: paypal
  referral_source: paid_search
  discount_code: 
  customer_note: Gift for my team
}
2026-05-17 23:05:26 | INFO | P02 |   Sending message with key=US-TX
2026-05-17 23:05:26 | INFO | P02 |   MESSAGE SENT  sent=1
2026-05-17 23:05:28 | INFO | P02 | {
  order_id: d61943e0-f543-4b5f-9c9a-18605ea4cfe5
  datetime: 2026-05-04T08:23:00Z
  region_id: US-TX
  currency_code: USD
  product_id: PY-DATA-002
  unit_price: 49.99
  quantity: 1
  is_online: true
  customer_id: CUST-1106
  is_new_customer: false
  device_type: mobile
  payment_method: paypal
  referral_source: paid_search
  discount_code: 
  customer_note: Gift for my team
}
2026-05-17 23:05:28 | INFO | P02 |   Sending message with key=US-TX
2026-05-17 23:05:28 | INFO | P02 |   MESSAGE SENT  sent=2
2026-05-17 23:05:30 | INFO | P02 | {
  order_id: 14da1915-8e74-47be-9e10-f7275d31af46
  datetime: 2026-05-04T08:28:00Z
  region_id: CA-QC
  currency_code: CAD
  product_id: PY-NLP-006
  unit_price: 54.99
  quantity: 1
  is_online: true
  customer_id: CUST-2133
  is_new_customer: false
  device_type: desktop
  payment_method: paypal
  referral_source: organic
  discount_code: 
  customer_note: Learning at my own pace
}
2026-05-17 23:05:30 | INFO | P02 |   Sending message with key=CA-QC
2026-05-17 23:05:30 | INFO | P02 |   MESSAGE SENT  sent=3
2026-05-17 23:05:32 | INFO | P02 | {
  order_id: d77ed935-9b28-431d-bc25-0a3fd98f4154
  datetime: 2026-05-04T08:40:00Z
  region_id: US-CA
  currency_code: USD
  product_id: PY-STREAM-005
  unit_price: 59.99
  quantity: 1
  is_online: true
  customer_id: CUST-5333
  is_new_customer: false
  device_type: mobile
  payment_method: paypal
  referral_source: organic
  discount_code: 
  customer_note: Highly recommend
}
2026-05-17 23:05:32 | INFO | P02 |   Sending message with key=US-CA
2026-05-17 23:05:32 | INFO | P02 |   MESSAGE SENT  sent=4
2026-05-17 23:05:34 | INFO | P02 | {
  order_id: 24b91995-25f8-4ad7-8fa6-2e4c15750e5e
  datetime: 2026-05-04T08:41:00Z
  region_id: US-MO
  currency_code: USD
  product_id: PY-VIZ-003
  unit_price: 39.99
  quantity: 1
  is_online: true
  customer_id: CUST-8573
  is_new_customer: false
  device_type: mobile
  payment_method: apple_pay
  referral_source: paid_search
  discount_code: 
  customer_note: Learning at my own pace
}
2026-05-17 23:05:34 | INFO | P02 |   Sending message with key=US-MO
2026-05-17 23:05:34 | INFO | P02 |   MESSAGE SENT  sent=5
2026-05-17 23:05:36 | INFO | P02 | {
  order_id: 1ec0fc8b-998c-4f43-8a66-19e1fa7d5fa8
  datetime: 2026-05-04T08:54:00Z
  region_id: CA-ON
  currency_code: CAD
  product_id: PY-SQL-004
  unit_price: 44.99
  quantity: 1
  is_online: true
  customer_id: CUST-8062
  is_new_customer: false
  device_type: tablet
  payment_method: paypal
  referral_source: organic
  discount_code: 
  customer_note: 
}
2026-05-17 23:05:36 | INFO | P02 |   Sending message with key=CA-ON
2026-05-17 23:05:37 | INFO | P02 |   MESSAGE SENT  sent=6
2026-05-17 23:05:39 | INFO | P02 | ========================
2026-05-17 23:05:39 | INFO | P02 | SECTION E. Exit
2026-05-17 23:05:39 | INFO | P02 | ========================
2026-05-17 23:05:39 | INFO | P02 | Summary:
2026-05-17 23:05:39 | INFO | P02 | Sent 6 message(s) to topic 'product-sales-case'.
2026-05-17 23:05:39 | INFO | P02 | ========================
2026-05-17 23:05:39 | INFO | P02 | Producer executed successfully!
2026-05-17 23:05:39 | INFO | P02 | ========================
2026-05-17 23:07:36 | DEBUG | C02 | No variables found in .env
2026-05-17 23:07:36 | INFO | C02 | === RUN START ===
2026-05-17 23:07:36 | INFO | C02 | project=C02
2026-05-17 23:07:36 | INFO | C02 | repo_dir=streaming-02-kafka
2026-05-17 23:07:36 | INFO | C02 | python=3.14.3
2026-05-17 23:07:36 | INFO | C02 | os=Windows 11
2026-05-17 23:07:36 | INFO | C02 | shell=powershell
2026-05-17 23:07:36 | INFO | C02 | cwd=.
2026-05-17 23:07:36 | INFO | C02 | github_actions=False
2026-05-17 23:07:36 | INFO | C02 | ========================
2026-05-17 23:07:36 | INFO | C02 | START consumer main()
2026-05-17 23:07:36 | INFO | C02 | ========================
2026-05-17 23:07:36 | INFO | C02 | ROOT_DIR = .
2026-05-17 23:07:36 | INFO | C02 | DATA_DIR = data
2026-05-17 23:07:36 | INFO | C02 | OUTPUT_CSV = data\output\consumed_sales.csv
2026-05-17 23:07:36 | INFO | C02 | ========================
2026-05-17 23:07:36 | INFO | C02 | SECTION A. Acquire
2026-05-17 23:07:36 | INFO | C02 | ========================
2026-05-17 23:07:36 | INFO | C02 | Loading settings from .env...
2026-05-17 23:07:36 | INFO | C02 | KAFKA_BOOTSTRAP_SERVERS  = localhost:9092
2026-05-17 23:07:36 | INFO | C02 | KAFKA_TOPIC              = product-sales-case
2026-05-17 23:07:36 | INFO | C02 | KAFKA_GROUP_ID           = streaming-consumer-group-A
2026-05-17 23:07:36 | INFO | C02 | CONSUMER_TIMEOUT_SECONDS = 10.0
2026-05-17 23:07:36 | INFO | C02 | CONSUMER_MAX_MESSAGES    = 1000
2026-05-17 23:07:36 | INFO | C02 | Verifying Kafka connection...
2026-05-17 23:07:36 | INFO | C02 | Kafka port is reachable.
2026-05-17 23:07:36 | INFO | C02 | Verifying Kafka topic...
2026-05-17 23:08:50 | DEBUG | C02 | No variables found in .env
2026-05-17 23:08:50 | INFO | C02 | === RUN START ===
2026-05-17 23:08:50 | INFO | C02 | project=C02
2026-05-17 23:08:50 | INFO | C02 | repo_dir=streaming-02-kafka
2026-05-17 23:08:50 | INFO | C02 | python=3.14.3
2026-05-17 23:08:50 | INFO | C02 | os=Windows 11
2026-05-17 23:08:50 | INFO | C02 | shell=powershell
2026-05-17 23:08:50 | INFO | C02 | cwd=.
2026-05-17 23:08:50 | INFO | C02 | github_actions=False
2026-05-17 23:08:50 | INFO | C02 | ========================
2026-05-17 23:08:50 | INFO | C02 | START consumer main()
2026-05-17 23:08:50 | INFO | C02 | ========================
2026-05-17 23:08:50 | INFO | C02 | ROOT_DIR = .
2026-05-17 23:08:50 | INFO | C02 | DATA_DIR = data
2026-05-17 23:08:50 | INFO | C02 | OUTPUT_CSV = data\output\consumed_sales.csv
2026-05-17 23:08:50 | INFO | C02 | ========================
2026-05-17 23:08:50 | INFO | C02 | SECTION A. Acquire
2026-05-17 23:08:50 | INFO | C02 | ========================
2026-05-17 23:08:50 | INFO | C02 | Loading settings from .env...
2026-05-17 23:08:50 | INFO | C02 | KAFKA_BOOTSTRAP_SERVERS  = localhost:9092
2026-05-17 23:08:50 | INFO | C02 | KAFKA_TOPIC              = product-sales-case
2026-05-17 23:08:50 | INFO | C02 | KAFKA_GROUP_ID           = streaming-consumer-group-A
2026-05-17 23:08:50 | INFO | C02 | CONSUMER_TIMEOUT_SECONDS = 10.0
2026-05-17 23:08:50 | INFO | C02 | CONSUMER_MAX_MESSAGES    = 1000
2026-05-17 23:08:50 | INFO | C02 | Verifying Kafka connection...
2026-05-17 23:08:50 | INFO | C02 | Kafka port is reachable.
2026-05-17 23:08:50 | INFO | C02 | Verifying Kafka topic...
2026-05-17 23:10:47 | DEBUG | C02 | No variables found in .env
2026-05-17 23:10:47 | INFO | C02 | === RUN START ===
2026-05-17 23:10:47 | INFO | C02 | project=C02
2026-05-17 23:10:47 | INFO | C02 | repo_dir=streaming-02-kafka
2026-05-17 23:10:47 | INFO | C02 | python=3.14.3
2026-05-17 23:10:47 | INFO | C02 | os=Windows 11
2026-05-17 23:10:47 | INFO | C02 | shell=powershell
2026-05-17 23:10:47 | INFO | C02 | cwd=.
2026-05-17 23:10:47 | INFO | C02 | github_actions=False
2026-05-17 23:10:47 | INFO | C02 | ========================
2026-05-17 23:10:47 | INFO | C02 | START consumer main()
2026-05-17 23:10:47 | INFO | C02 | ========================
2026-05-17 23:10:47 | INFO | C02 | ROOT_DIR = .
2026-05-17 23:10:47 | INFO | C02 | DATA_DIR = data
2026-05-17 23:10:47 | INFO | C02 | OUTPUT_CSV = data\output\consumed_sales.csv
2026-05-17 23:10:47 | INFO | C02 | ========================
2026-05-17 23:10:47 | INFO | C02 | SECTION A. Acquire
2026-05-17 23:10:47 | INFO | C02 | ========================
2026-05-17 23:10:47 | INFO | C02 | Loading settings from .env...
2026-05-17 23:10:47 | INFO | C02 | KAFKA_BOOTSTRAP_SERVERS  = localhost:9092
2026-05-17 23:10:47 | INFO | C02 | KAFKA_TOPIC              = product-sales-case
2026-05-17 23:10:47 | INFO | C02 | KAFKA_GROUP_ID           = streaming-consumer-group-A
2026-05-17 23:10:47 | INFO | C02 | CONSUMER_TIMEOUT_SECONDS = 10.0
2026-05-17 23:10:47 | INFO | C02 | CONSUMER_MAX_MESSAGES    = 1000
2026-05-17 23:10:47 | INFO | C02 | Verifying Kafka connection...
2026-05-17 23:10:47 | INFO | C02 | Kafka port is reachable.
2026-05-17 23:10:47 | INFO | C02 | Verifying Kafka topic...
2026-05-17 23:11:00 | INFO | C02 | Topic 'product-sales-case' exists.
2026-05-17 23:11:00 | INFO | C02 | Found 6 message(s) available.
2026-05-17 23:11:00 | INFO | C02 | Creating Kafka consumer...
2026-05-17 23:11:00 | INFO | C02 | Subscribed to topic: 'product-sales-case' (reading from beginning)
2026-05-17 23:11:00 | INFO | C02 | ========================
2026-05-17 23:11:00 | INFO | C02 | SECTION C. Consume and Process Messages
2026-05-17 23:11:00 | INFO | C02 | ========================
2026-05-17 23:11:00 | INFO | C02 | Initializing output...
2026-05-17 23:11:00 | INFO | C02 | Output CSV cleared: consumed_sales.csv
2026-05-17 23:11:00 | INFO | C02 | Consuming messages...
2026-05-17 23:11:00 | INFO | C02 | Waiting for up to 1000 message(s).
2026-05-17 23:11:00 | INFO | C02 | Press CTRL+C to stop early.

2026-05-17 23:11:10 | INFO | C02 | No message received within 10.0s timeout.
2026-05-17 23:11:10 | INFO | C02 | Producer finished or paused. Stopping consumer.
2026-05-17 23:11:12 | INFO | C02 | Kafka consumer closed.
2026-05-17 23:11:12 | INFO | C02 | ========================
2026-05-17 23:11:12 | INFO | C02 | SECTION E. Exit
2026-05-17 23:11:12 | INFO | C02 | ========================
2026-05-17 23:11:12 | INFO | C02 | Summary:
2026-05-17 23:11:12 | INFO | C02 | Consumed 0 message(s) from topic 'product-sales-case'.
2026-05-17 23:11:12 | INFO | C02 | OUTPUT_CSV = data\output\consumed_sales.csv
2026-05-17 23:11:12 | INFO | C02 | ========================
2026-05-17 23:11:12 | INFO | C02 | Consumer executed successfully!
2026-05-17 23:11:12 | INFO | C02 | ========================
2026-05-17 23:14:49 | DEBUG | C02 | No variables found in .env
2026-05-17 23:14:49 | INFO | C02 | === RUN START ===
2026-05-17 23:14:49 | INFO | C02 | project=C02
2026-05-17 23:14:49 | INFO | C02 | repo_dir=streaming-02-kafka
2026-05-17 23:14:49 | INFO | C02 | python=3.14.3
2026-05-17 23:14:49 | INFO | C02 | os=Windows 11
2026-05-17 23:14:49 | INFO | C02 | shell=powershell
2026-05-17 23:14:49 | INFO | C02 | cwd=.
2026-05-17 23:14:49 | INFO | C02 | github_actions=False
2026-05-17 23:14:49 | INFO | C02 | ========================
2026-05-17 23:14:49 | INFO | C02 | START consumer main()
2026-05-17 23:14:49 | INFO | C02 | ========================
2026-05-17 23:14:49 | INFO | C02 | ROOT_DIR = .
2026-05-17 23:14:49 | INFO | C02 | DATA_DIR = data
2026-05-17 23:14:49 | INFO | C02 | OUTPUT_CSV = data\output\consumed_sales.csv
2026-05-17 23:14:49 | INFO | C02 | ========================
2026-05-17 23:14:49 | INFO | C02 | SECTION A. Acquire
2026-05-17 23:14:49 | INFO | C02 | ========================
2026-05-17 23:14:49 | INFO | C02 | Loading settings from .env...
2026-05-17 23:14:49 | INFO | C02 | KAFKA_BOOTSTRAP_SERVERS  = localhost:9092
2026-05-17 23:14:49 | INFO | C02 | KAFKA_TOPIC              = product-sales-case
2026-05-17 23:14:49 | INFO | C02 | KAFKA_GROUP_ID           = streaming-consumer-group-A
2026-05-17 23:14:49 | INFO | C02 | CONSUMER_TIMEOUT_SECONDS = 10.0
2026-05-17 23:14:49 | INFO | C02 | CONSUMER_MAX_MESSAGES    = 1000
2026-05-17 23:14:49 | INFO | C02 | Verifying Kafka connection...
2026-05-17 23:14:49 | INFO | C02 | Kafka port is reachable.
2026-05-17 23:14:49 | INFO | C02 | Verifying Kafka topic...
2026-05-17 23:15:06 | INFO | C02 | Topic 'product-sales-case' exists.
2026-05-17 23:15:06 | INFO | C02 | Found 6 message(s) available.
2026-05-17 23:15:06 | INFO | C02 | Creating Kafka consumer...
2026-05-17 23:15:06 | INFO | C02 | Subscribed to topic: 'product-sales-case' (reading from beginning)
2026-05-17 23:15:06 | INFO | C02 | ========================
2026-05-17 23:15:06 | INFO | C02 | SECTION C. Consume and Process Messages
2026-05-17 23:15:06 | INFO | C02 | ========================
2026-05-17 23:15:06 | INFO | C02 | Initializing output...
2026-05-17 23:15:06 | INFO | C02 | Output CSV cleared: consumed_sales.csv
2026-05-17 23:15:06 | INFO | C02 | Consuming messages...
2026-05-17 23:15:06 | INFO | C02 | Waiting for up to 1000 message(s).
2026-05-17 23:15:06 | INFO | C02 | Press CTRL+C to stop early.

2026-05-17 23:15:08 | DEBUG | P02 | No variables found in .env
2026-05-17 23:15:08 | INFO | P02 | === RUN START ===
2026-05-17 23:15:08 | INFO | P02 | project=P02
2026-05-17 23:15:08 | INFO | P02 | repo_dir=streaming-02-kafka
2026-05-17 23:15:08 | INFO | P02 | python=3.14.3
2026-05-17 23:15:08 | INFO | P02 | os=Windows 11
2026-05-17 23:15:08 | INFO | P02 | shell=powershell
2026-05-17 23:15:08 | INFO | P02 | cwd=.
2026-05-17 23:15:08 | INFO | P02 | github_actions=False
2026-05-17 23:15:08 | INFO | P02 | ========================
2026-05-17 23:15:08 | INFO | P02 | START producer main()
2026-05-17 23:15:08 | INFO | P02 | ========================
2026-05-17 23:15:08 | INFO | P02 | ROOT_DIR = .
2026-05-17 23:15:08 | INFO | P02 | DATA_DIR = data
2026-05-17 23:15:08 | INFO | P02 | SALES_CSV = data\sales.csv
2026-05-17 23:15:08 | INFO | P02 | ========================
2026-05-17 23:15:08 | INFO | P02 | SECTION A. Acquire
2026-05-17 23:15:08 | INFO | P02 | ========================
2026-05-17 23:15:08 | INFO | P02 | Loading settings from .env...
2026-05-17 23:15:08 | INFO | P02 | KAFKA_BOOTSTRAP_SERVERS           = localhost:9092
2026-05-17 23:15:08 | INFO | P02 | KAFKA_TOPIC                       = product-sales-case
2026-05-17 23:15:08 | INFO | P02 | PRODUCER_MESSAGE_COUNT            = 6
2026-05-17 23:15:08 | INFO | P02 | PRODUCER_MESSAGE_INTERVAL_SECONDS = 2.0
2026-05-17 23:15:08 | INFO | P02 | KAFKA_CLEAR_TOPIC_ON_START        = False
2026-05-17 23:15:08 | INFO | P02 | Verifying Kafka connection...
2026-05-17 23:15:08 | INFO | P02 | Kafka port is reachable.
2026-05-17 23:15:13 | INFO | P02 | ========================
2026-05-17 23:15:13 | INFO | P02 | SECTION P. Produce Messages
2026-05-17 23:15:13 | INFO | P02 | ========================
2026-05-17 23:15:13 | INFO | P02 | Sending messages...
2026-05-17 23:15:13 | INFO | P02 | Sending up to 6 message(s) to topic 'product-sales-case'.
2026-05-17 23:15:13 | INFO | P02 | Watch each sale arrive. Press CTRL+C to stop early.

2026-05-17 23:15:13 | INFO | P02 | {
  order_id: e7324981-a9f0-419f-b708-d0a333451fff
  datetime: 2026-05-04T08:11:00Z
  region_id: US-TX
  currency_code: USD
  product_id: PY-STREAM-005
  unit_price: 59.99
  quantity: 3
  is_online: true
  customer_id: CUST-4150
  is_new_customer: false
  device_type: tablet
  payment_method: paypal
  referral_source: paid_search
  discount_code: 
  customer_note: Gift for my team
}
2026-05-17 23:15:13 | INFO | P02 |   Sending message with key=US-TX
2026-05-17 23:15:15 | INFO | P02 |   MESSAGE SENT  sent=1
2026-05-17 23:15:17 | INFO | C02 | No message received within 10.0s timeout.
2026-05-17 23:15:17 | INFO | C02 | Producer finished or paused. Stopping consumer.
2026-05-17 23:15:17 | INFO | P02 | {
  order_id: d61943e0-f543-4b5f-9c9a-18605ea4cfe5
  datetime: 2026-05-04T08:23:00Z
  region_id: US-TX
  currency_code: USD
  product_id: PY-DATA-002
  unit_price: 49.99
  quantity: 1
  is_online: true
  customer_id: CUST-1106
  is_new_customer: false
  device_type: mobile
  payment_method: paypal
  referral_source: paid_search
  discount_code: 
  customer_note: Gift for my team
}
2026-05-17 23:15:17 | INFO | P02 |   Sending message with key=US-TX
2026-05-17 23:15:17 | INFO | P02 |   MESSAGE SENT  sent=2
2026-05-17 23:15:18 | INFO | C02 | Kafka consumer closed.
2026-05-17 23:15:18 | INFO | C02 | ========================
2026-05-17 23:15:18 | INFO | C02 | SECTION E. Exit
2026-05-17 23:15:18 | INFO | C02 | ========================
2026-05-17 23:15:18 | INFO | C02 | Summary:
2026-05-17 23:15:18 | INFO | C02 | Consumed 0 message(s) from topic 'product-sales-case'.
2026-05-17 23:15:18 | INFO | C02 | OUTPUT_CSV = data\output\consumed_sales.csv
2026-05-17 23:15:18 | INFO | C02 | ========================
2026-05-17 23:15:18 | INFO | C02 | Consumer executed successfully!
2026-05-17 23:15:18 | INFO | C02 | ========================
2026-05-17 23:15:19 | INFO | P02 | {
  order_id: 14da1915-8e74-47be-9e10-f7275d31af46
  datetime: 2026-05-04T08:28:00Z
  region_id: CA-QC
  currency_code: CAD
  product_id: PY-NLP-006
  unit_price: 54.99
  quantity: 1
  is_online: true
  customer_id: CUST-2133
  is_new_customer: false
  device_type: desktop
  payment_method: paypal
  referral_source: organic
  discount_code: 
  customer_note: Learning at my own pace
}
2026-05-17 23:15:19 | INFO | P02 |   Sending message with key=CA-QC
2026-05-17 23:15:19 | INFO | P02 |   MESSAGE SENT  sent=3
2026-05-17 23:15:21 | INFO | P02 | {
  order_id: d77ed935-9b28-431d-bc25-0a3fd98f4154
  datetime: 2026-05-04T08:40:00Z
  region_id: US-CA
  currency_code: USD
  product_id: PY-STREAM-005
  unit_price: 59.99
  quantity: 1
  is_online: true
  customer_id: CUST-5333
  is_new_customer: false
  device_type: mobile
  payment_method: paypal
  referral_source: organic
  discount_code: 
  customer_note: Highly recommend
}
2026-05-17 23:15:21 | INFO | P02 |   Sending message with key=US-CA
2026-05-17 23:15:21 | INFO | P02 |   MESSAGE SENT  sent=4
2026-05-17 23:15:23 | INFO | P02 | {
  order_id: 24b91995-25f8-4ad7-8fa6-2e4c15750e5e
  datetime: 2026-05-04T08:41:00Z
  region_id: US-MO
  currency_code: USD
  product_id: PY-VIZ-003
  unit_price: 39.99
  quantity: 1
  is_online: true
  customer_id: CUST-8573
  is_new_customer: false
  device_type: mobile
  payment_method: apple_pay
  referral_source: paid_search
  discount_code: 
  customer_note: Learning at my own pace
}
2026-05-17 23:15:23 | INFO | P02 |   Sending message with key=US-MO
2026-05-17 23:15:23 | INFO | P02 |   MESSAGE SENT  sent=5
2026-05-17 23:15:25 | INFO | P02 | {
  order_id: 1ec0fc8b-998c-4f43-8a66-19e1fa7d5fa8
  datetime: 2026-05-04T08:54:00Z
  region_id: CA-ON
  currency_code: CAD
  product_id: PY-SQL-004
  unit_price: 44.99
  quantity: 1
  is_online: true
  customer_id: CUST-8062
  is_new_customer: false
  device_type: tablet
  payment_method: paypal
  referral_source: organic
  discount_code: 
  customer_note: 
}
2026-05-17 23:15:25 | INFO | P02 |   Sending message with key=CA-ON
2026-05-17 23:15:25 | INFO | P02 |   MESSAGE SENT  sent=6
2026-05-17 23:15:27 | INFO | P02 | ========================
2026-05-17 23:15:27 | INFO | P02 | SECTION E. Exit
2026-05-17 23:15:27 | INFO | P02 | ========================
2026-05-17 23:15:27 | INFO | P02 | Summary:
2026-05-17 23:15:27 | INFO | P02 | Sent 6 message(s) to topic 'product-sales-case'.
2026-05-17 23:15:27 | INFO | P02 | ========================
2026-05-17 23:15:27 | INFO | P02 | Producer executed successfully!
2026-05-17 23:15:27 | INFO | P02 | ========================
2026-05-17 23:18:24 | DEBUG | C02 | No variables found in .env
2026-05-17 23:18:24 | INFO | C02 | === RUN START ===
2026-05-17 23:18:24 | INFO | C02 | project=C02
2026-05-17 23:18:24 | INFO | C02 | repo_dir=streaming-02-kafka
2026-05-17 23:18:24 | INFO | C02 | python=3.14.3
2026-05-17 23:18:24 | INFO | C02 | os=Windows 11
2026-05-17 23:18:24 | INFO | C02 | shell=powershell
2026-05-17 23:18:24 | INFO | C02 | cwd=.
2026-05-17 23:18:24 | INFO | C02 | github_actions=False
2026-05-17 23:18:24 | INFO | C02 | ========================
2026-05-17 23:18:24 | INFO | C02 | START consumer main()
2026-05-17 23:18:24 | INFO | C02 | ========================
2026-05-17 23:18:24 | INFO | C02 | ROOT_DIR = .
2026-05-17 23:18:24 | INFO | C02 | DATA_DIR = data
2026-05-17 23:18:24 | INFO | C02 | OUTPUT_CSV = data\output\consumed_sales.csv
2026-05-17 23:18:24 | INFO | C02 | ========================
2026-05-17 23:18:24 | INFO | C02 | SECTION A. Acquire
2026-05-17 23:18:24 | INFO | C02 | ========================
2026-05-17 23:18:24 | INFO | C02 | Loading settings from .env...
2026-05-17 23:18:24 | INFO | C02 | KAFKA_BOOTSTRAP_SERVERS  = localhost:9092
2026-05-17 23:18:24 | INFO | C02 | KAFKA_TOPIC              = product-sales-case
2026-05-17 23:18:24 | INFO | C02 | KAFKA_GROUP_ID           = streaming-consumer-group-A
2026-05-17 23:18:24 | INFO | C02 | CONSUMER_TIMEOUT_SECONDS = 10.0
2026-05-17 23:18:24 | INFO | C02 | CONSUMER_MAX_MESSAGES    = 1000
2026-05-17 23:18:24 | INFO | C02 | Verifying Kafka connection...
2026-05-17 23:18:24 | INFO | C02 | Kafka port is reachable.
2026-05-17 23:18:24 | INFO | C02 | Verifying Kafka topic...
2026-05-17 23:18:24 | INFO | C02 | Topic 'product-sales-case' exists.
2026-05-17 23:18:24 | INFO | C02 | Found 12 message(s) available.
2026-05-17 23:18:24 | INFO | C02 | Creating Kafka consumer...
2026-05-17 23:18:24 | INFO | C02 | Subscribed to topic: 'product-sales-case' (reading from beginning)
2026-05-17 23:18:24 | INFO | C02 | ========================
2026-05-17 23:18:24 | INFO | C02 | SECTION C. Consume and Process Messages
2026-05-17 23:18:24 | INFO | C02 | ========================
2026-05-17 23:18:24 | INFO | C02 | Initializing output...
2026-05-17 23:18:24 | INFO | C02 | Output CSV cleared: consumed_sales.csv
2026-05-17 23:18:24 | INFO | C02 | Consuming messages...
2026-05-17 23:18:24 | INFO | C02 | Waiting for up to 1000 message(s).
2026-05-17 23:18:24 | INFO | C02 | Press CTRL+C to stop early.

2026-05-17 23:18:29 | INFO | C02 | {'currency_code': 'USD', 'customer_id': 'CUST-4150', 'customer_note': 'Gift for my team', 'datetime': '2026-05-04T08:11:00Z', 'device_type': 'tablet', 'discount_code': '', 'is_new_customer': 'false', 'is_online': 'true', 'order_id': 'e7324981-a9f0-419f-b708-d0a333451fff', 'payment_method': 'paypal', 'product_id': 'PY-STREAM-005', 'quantity': '3', 'referral_source': 'paid_search', 'region_id': 'US-TX', 'unit_price': '59.99', '_kafka_key': 'US-TX', '_kafka_partition': 0, '_kafka_offset': 0}
2026-05-17 23:18:29 | INFO | C02 | Processing raw message.
2026-05-17 23:18:29 | INFO | C02 | MESSAGE CONSUMED
2026-05-17 23:18:29 | INFO | C02 | consumed=1
2026-05-17 23:18:29 | INFO | C02 | {'currency_code': 'USD', 'customer_id': 'CUST-1106', 'customer_note': 'Gift for my team', 'datetime': '2026-05-04T08:23:00Z', 'device_type': 'mobile', 'discount_code': '', 'is_new_customer': 'false', 'is_online': 'true', 'order_id': 'd61943e0-f543-4b5f-9c9a-18605ea4cfe5', 'payment_method': 'paypal', 'product_id': 'PY-DATA-002', 'quantity': '1', 'referral_source': 'paid_search', 'region_id': 'US-TX', 'unit_price': '49.99', '_kafka_key': 'US-TX', '_kafka_partition': 0, '_kafka_offset': 1}
2026-05-17 23:18:29 | INFO | C02 | Processing raw message.
2026-05-17 23:18:29 | INFO | C02 | MESSAGE CONSUMED
2026-05-17 23:18:29 | INFO | C02 | consumed=2
2026-05-17 23:18:29 | INFO | C02 | {'currency_code': 'CAD', 'customer_id': 'CUST-2133', 'customer_note': 'Learning at my own pace', 'datetime': '2026-05-04T08:28:00Z', 'device_type': 'desktop', 'discount_code': '', 'is_new_customer': 'false', 'is_online': 'true', 'order_id': '14da1915-8e74-47be-9e10-f7275d31af46', 'payment_method': 'paypal', 'product_id': 'PY-NLP-006', 'quantity': '1', 'referral_source': 'organic', 'region_id': 'CA-QC', 'unit_price': '54.99', '_kafka_key': 'CA-QC', '_kafka_partition': 0, '_kafka_offset': 2}
2026-05-17 23:18:29 | INFO | C02 | Processing raw message.
2026-05-17 23:18:29 | INFO | C02 | MESSAGE CONSUMED
2026-05-17 23:18:29 | INFO | C02 | consumed=3
2026-05-17 23:18:29 | INFO | C02 | {'currency_code': 'USD', 'customer_id': 'CUST-5333', 'customer_note': 'Highly recommend', 'datetime': '2026-05-04T08:40:00Z', 'device_type': 'mobile', 'discount_code': '', 'is_new_customer': 'false', 'is_online': 'true', 'order_id': 'd77ed935-9b28-431d-bc25-0a3fd98f4154', 'payment_method': 'paypal', 'product_id': 'PY-STREAM-005', 'quantity': '1', 'referral_source': 'organic', 'region_id': 'US-CA', 'unit_price': '59.99', '_kafka_key': 'US-CA', '_kafka_partition': 0, '_kafka_offset': 3}
2026-05-17 23:18:29 | INFO | C02 | Processing raw message.
2026-05-17 23:18:29 | INFO | C02 | MESSAGE CONSUMED
2026-05-17 23:18:29 | INFO | C02 | consumed=4
2026-05-17 23:18:29 | INFO | C02 | {'currency_code': 'USD', 'customer_id': 'CUST-8573', 'customer_note': 'Learning at my own pace', 'datetime': '2026-05-04T08:41:00Z', 'device_type': 'mobile', 'discount_code': '', 'is_new_customer': 'false', 'is_online': 'true', 'order_id': '24b91995-25f8-4ad7-8fa6-2e4c15750e5e', 'payment_method': 'apple_pay', 'product_id': 'PY-VIZ-003', 'quantity': '1', 'referral_source': 'paid_search', 'region_id': 'US-MO', 'unit_price': '39.99', '_kafka_key': 'US-MO', '_kafka_partition': 0, '_kafka_offset': 4}
2026-05-17 23:18:29 | INFO | C02 | Processing raw message.
2026-05-17 23:18:29 | INFO | C02 | MESSAGE CONSUMED
2026-05-17 23:18:29 | INFO | C02 | consumed=5
2026-05-17 23:18:29 | INFO | C02 | {'currency_code': 'CAD', 'customer_id': 'CUST-8062', 'customer_note': '', 'datetime': '2026-05-04T08:54:00Z', 'device_type': 'tablet', 'discount_code': '', 'is_new_customer': 'false', 'is_online': 'true', 'order_id': '1ec0fc8b-998c-4f43-8a66-19e1fa7d5fa8', 'payment_method': 'paypal', 'product_id': 'PY-SQL-004', 'quantity': '1', 'referral_source': 'organic', 'region_id': 'CA-ON', 'unit_price': '44.99', '_kafka_key': 'CA-ON', '_kafka_partition': 0, '_kafka_offset': 5}
2026-05-17 23:18:29 | INFO | C02 | Processing raw message.
2026-05-17 23:18:29 | INFO | C02 | MESSAGE CONSUMED
2026-05-17 23:18:29 | INFO | C02 | consumed=6
2026-05-17 23:18:29 | INFO | C02 | {'currency_code': 'USD', 'customer_id': 'CUST-4150', 'customer_note': 'Gift for my team', 'datetime': '2026-05-04T08:11:00Z', 'device_type': 'tablet', 'discount_code': '', 'is_new_customer': 'false', 'is_online': 'true', 'order_id': 'e7324981-a9f0-419f-b708-d0a333451fff', 'payment_method': 'paypal', 'product_id': 'PY-STREAM-005', 'quantity': '3', 'referral_source': 'paid_search', 'region_id': 'US-TX', 'unit_price': '59.99', '_kafka_key': 'US-TX', '_kafka_partition': 0, '_kafka_offset': 6}
2026-05-17 23:18:29 | INFO | C02 | Processing raw message.
2026-05-17 23:18:29 | INFO | C02 | MESSAGE CONSUMED
2026-05-17 23:18:29 | INFO | C02 | consumed=7
2026-05-17 23:18:29 | INFO | C02 | {'currency_code': 'USD', 'customer_id': 'CUST-1106', 'customer_note': 'Gift for my team', 'datetime': '2026-05-04T08:23:00Z', 'device_type': 'mobile', 'discount_code': '', 'is_new_customer': 'false', 'is_online': 'true', 'order_id': 'd61943e0-f543-4b5f-9c9a-18605ea4cfe5', 'payment_method': 'paypal', 'product_id': 'PY-DATA-002', 'quantity': '1', 'referral_source': 'paid_search', 'region_id': 'US-TX', 'unit_price': '49.99', '_kafka_key': 'US-TX', '_kafka_partition': 0, '_kafka_offset': 7}
2026-05-17 23:18:29 | INFO | C02 | Processing raw message.
2026-05-17 23:18:29 | INFO | C02 | MESSAGE CONSUMED
2026-05-17 23:18:29 | INFO | C02 | consumed=8
2026-05-17 23:18:29 | INFO | C02 | {'currency_code': 'CAD', 'customer_id': 'CUST-2133', 'customer_note': 'Learning at my own pace', 'datetime': '2026-05-04T08:28:00Z', 'device_type': 'desktop', 'discount_code': '', 'is_new_customer': 'false', 'is_online': 'true', 'order_id': '14da1915-8e74-47be-9e10-f7275d31af46', 'payment_method': 'paypal', 'product_id': 'PY-NLP-006', 'quantity': '1', 'referral_source': 'organic', 'region_id': 'CA-QC', 'unit_price': '54.99', '_kafka_key': 'CA-QC', '_kafka_partition': 0, '_kafka_offset': 8}
2026-05-17 23:18:29 | INFO | C02 | Processing raw message.
2026-05-17 23:18:29 | INFO | C02 | MESSAGE CONSUMED
2026-05-17 23:18:29 | INFO | C02 | consumed=9
2026-05-17 23:18:29 | INFO | C02 | {'currency_code': 'USD', 'customer_id': 'CUST-5333', 'customer_note': 'Highly recommend', 'datetime': '2026-05-04T08:40:00Z', 'device_type': 'mobile', 'discount_code': '', 'is_new_customer': 'false', 'is_online': 'true', 'order_id': 'd77ed935-9b28-431d-bc25-0a3fd98f4154', 'payment_method': 'paypal', 'product_id': 'PY-STREAM-005', 'quantity': '1', 'referral_source': 'organic', 'region_id': 'US-CA', 'unit_price': '59.99', '_kafka_key': 'US-CA', '_kafka_partition': 0, '_kafka_offset': 9}
2026-05-17 23:18:29 | INFO | C02 | Processing raw message.
2026-05-17 23:18:29 | INFO | C02 | MESSAGE CONSUMED
2026-05-17 23:18:29 | INFO | C02 | consumed=10
2026-05-17 23:18:29 | INFO | C02 | {'currency_code': 'USD', 'customer_id': 'CUST-8573', 'customer_note': 'Learning at my own pace', 'datetime': '2026-05-04T08:41:00Z', 'device_type': 'mobile', 'discount_code': '', 'is_new_customer': 'false', 'is_online': 'true', 'order_id': '24b91995-25f8-4ad7-8fa6-2e4c15750e5e', 'payment_method': 'apple_pay', 'product_id': 'PY-VIZ-003', 'quantity': '1', 'referral_source': 'paid_search', 'region_id': 'US-MO', 'unit_price': '39.99', '_kafka_key': 'US-MO', '_kafka_partition': 0, '_kafka_offset': 10}
2026-05-17 23:18:29 | INFO | C02 | Processing raw message.
2026-05-17 23:18:29 | INFO | C02 | MESSAGE CONSUMED
2026-05-17 23:18:29 | INFO | C02 | consumed=11
2026-05-17 23:18:29 | INFO | C02 | {'currency_code': 'CAD', 'customer_id': 'CUST-8062', 'customer_note': '', 'datetime': '2026-05-04T08:54:00Z', 'device_type': 'tablet', 'discount_code': '', 'is_new_customer': 'false', 'is_online': 'true', 'order_id': '1ec0fc8b-998c-4f43-8a66-19e1fa7d5fa8', 'payment_method': 'paypal', 'product_id': 'PY-SQL-004', 'quantity': '1', 'referral_source': 'organic', 'region_id': 'CA-ON', 'unit_price': '44.99', '_kafka_key': 'CA-ON', '_kafka_partition': 0, '_kafka_offset': 11}
2026-05-17 23:18:29 | INFO | C02 | Processing raw message.
2026-05-17 23:18:29 | INFO | C02 | MESSAGE CONSUMED
2026-05-17 23:18:29 | INFO | C02 | consumed=12
2026-05-17 23:18:30 | DEBUG | P02 | No variables found in .env
2026-05-17 23:18:30 | INFO | P02 | === RUN START ===
2026-05-17 23:18:30 | INFO | P02 | project=P02
2026-05-17 23:18:30 | INFO | P02 | repo_dir=streaming-02-kafka
2026-05-17 23:18:30 | INFO | P02 | python=3.14.3
2026-05-17 23:18:30 | INFO | P02 | os=Windows 11
2026-05-17 23:18:30 | INFO | P02 | shell=powershell
2026-05-17 23:18:30 | INFO | P02 | cwd=.
2026-05-17 23:18:30 | INFO | P02 | github_actions=False
2026-05-17 23:18:30 | INFO | P02 | ========================
2026-05-17 23:18:30 | INFO | P02 | START producer main()
2026-05-17 23:18:30 | INFO | P02 | ========================
2026-05-17 23:18:30 | INFO | P02 | ROOT_DIR = .
2026-05-17 23:18:30 | INFO | P02 | DATA_DIR = data
2026-05-17 23:18:30 | INFO | P02 | SALES_CSV = data\sales.csv
2026-05-17 23:18:30 | INFO | P02 | ========================
2026-05-17 23:18:30 | INFO | P02 | SECTION A. Acquire
2026-05-17 23:18:30 | INFO | P02 | ========================
2026-05-17 23:18:30 | INFO | P02 | Loading settings from .env...
2026-05-17 23:18:30 | INFO | P02 | KAFKA_BOOTSTRAP_SERVERS           = localhost:9092
2026-05-17 23:18:30 | INFO | P02 | KAFKA_TOPIC                       = product-sales-case
2026-05-17 23:18:30 | INFO | P02 | PRODUCER_MESSAGE_COUNT            = 6
2026-05-17 23:18:30 | INFO | P02 | PRODUCER_MESSAGE_INTERVAL_SECONDS = 2.0
2026-05-17 23:18:30 | INFO | P02 | KAFKA_CLEAR_TOPIC_ON_START        = False
2026-05-17 23:18:30 | INFO | P02 | Verifying Kafka connection...
2026-05-17 23:18:30 | INFO | P02 | Kafka port is reachable.
2026-05-17 23:18:32 | INFO | P02 | ========================
2026-05-17 23:18:32 | INFO | P02 | SECTION P. Produce Messages
2026-05-17 23:18:32 | INFO | P02 | ========================
2026-05-17 23:18:32 | INFO | P02 | Sending messages...
2026-05-17 23:18:32 | INFO | P02 | Sending up to 6 message(s) to topic 'product-sales-case'.
2026-05-17 23:18:32 | INFO | P02 | Watch each sale arrive. Press CTRL+C to stop early.

2026-05-17 23:18:32 | INFO | P02 | {
  order_id: e7324981-a9f0-419f-b708-d0a333451fff
  datetime: 2026-05-04T08:11:00Z
  region_id: US-TX
  currency_code: USD
  product_id: PY-STREAM-005
  unit_price: 59.99
  quantity: 3
  is_online: true
  customer_id: CUST-4150
  is_new_customer: false
  device_type: tablet
  payment_method: paypal
  referral_source: paid_search
  discount_code: 
  customer_note: Gift for my team
}
2026-05-17 23:18:32 | INFO | P02 |   Sending message with key=US-TX
2026-05-17 23:18:36 | INFO | P02 |   MESSAGE SENT  sent=1
2026-05-17 23:18:36 | INFO | C02 | {'currency_code': 'USD', 'customer_id': 'CUST-4150', 'customer_note': 'Gift for my team', 'datetime': '2026-05-04T08:11:00Z', 'device_type': 'tablet', 'discount_code': '', 'is_new_customer': 'false', 'is_online': 'true', 'order_id': 'e7324981-a9f0-419f-b708-d0a333451fff', 'payment_method': 'paypal', 'product_id': 'PY-STREAM-005', 'quantity': '3', 'referral_source': 'paid_search', 'region_id': 'US-TX', 'unit_price': '59.99', '_kafka_key': 'US-TX', '_kafka_partition': 0, '_kafka_offset': 12}
2026-05-17 23:18:36 | INFO | C02 | Processing raw message.
2026-05-17 23:18:36 | INFO | C02 | MESSAGE CONSUMED
2026-05-17 23:18:36 | INFO | C02 | consumed=13
2026-05-17 23:18:38 | INFO | P02 | {
  order_id: d61943e0-f543-4b5f-9c9a-18605ea4cfe5
  datetime: 2026-05-04T08:23:00Z
  region_id: US-TX
  currency_code: USD
  product_id: PY-DATA-002
  unit_price: 49.99
  quantity: 1
  is_online: true
  customer_id: CUST-1106
  is_new_customer: false
  device_type: mobile
  payment_method: paypal
  referral_source: paid_search
  discount_code: 
  customer_note: Gift for my team
}
2026-05-17 23:18:38 | INFO | P02 |   Sending message with key=US-TX
2026-05-17 23:18:38 | INFO | P02 |   MESSAGE SENT  sent=2
2026-05-17 23:18:38 | INFO | C02 | {'currency_code': 'USD', 'customer_id': 'CUST-1106', 'customer_note': 'Gift for my team', 'datetime': '2026-05-04T08:23:00Z', 'device_type': 'mobile', 'discount_code': '', 'is_new_customer': 'false', 'is_online': 'true', 'order_id': 'd61943e0-f543-4b5f-9c9a-18605ea4cfe5', 'payment_method': 'paypal', 'product_id': 'PY-DATA-002', 'quantity': '1', 'referral_source': 'paid_search', 'region_id': 'US-TX', 'unit_price': '49.99', '_kafka_key': 'US-TX', '_kafka_partition': 0, '_kafka_offset': 13}
2026-05-17 23:18:38 | INFO | C02 | Processing raw message.
2026-05-17 23:18:38 | INFO | C02 | MESSAGE CONSUMED
2026-05-17 23:18:38 | INFO | C02 | consumed=14
2026-05-17 23:18:40 | INFO | P02 | {
  order_id: 14da1915-8e74-47be-9e10-f7275d31af46
  datetime: 2026-05-04T08:28:00Z
  region_id: CA-QC
  currency_code: CAD
  product_id: PY-NLP-006
  unit_price: 54.99
  quantity: 1
  is_online: true
  customer_id: CUST-2133
  is_new_customer: false
  device_type: desktop
  payment_method: paypal
  referral_source: organic
  discount_code: 
  customer_note: Learning at my own pace
}
2026-05-17 23:18:40 | INFO | P02 |   Sending message with key=CA-QC
2026-05-17 23:18:40 | INFO | P02 |   MESSAGE SENT  sent=3
2026-05-17 23:18:40 | INFO | C02 | {'currency_code': 'CAD', 'customer_id': 'CUST-2133', 'customer_note': 'Learning at my own pace', 'datetime': '2026-05-04T08:28:00Z', 'device_type': 'desktop', 'discount_code': '', 'is_new_customer': 'false', 'is_online': 'true', 'order_id': '14da1915-8e74-47be-9e10-f7275d31af46', 'payment_method': 'paypal', 'product_id': 'PY-NLP-006', 'quantity': '1', 'referral_source': 'organic', 'region_id': 'CA-QC', 'unit_price': '54.99', '_kafka_key': 'CA-QC', '_kafka_partition': 0, '_kafka_offset': 14}
2026-05-17 23:18:40 | INFO | C02 | Processing raw message.
2026-05-17 23:18:40 | INFO | C02 | MESSAGE CONSUMED
2026-05-17 23:18:40 | INFO | C02 | consumed=15
2026-05-17 23:18:42 | INFO | P02 | {
  order_id: d77ed935-9b28-431d-bc25-0a3fd98f4154
  datetime: 2026-05-04T08:40:00Z
  region_id: US-CA
  currency_code: USD
  product_id: PY-STREAM-005
  unit_price: 59.99
  quantity: 1
  is_online: true
  customer_id: CUST-5333
  is_new_customer: false
  device_type: mobile
  payment_method: paypal
  referral_source: organic
  discount_code: 
  customer_note: Highly recommend
}
2026-05-17 23:18:42 | INFO | P02 |   Sending message with key=US-CA
2026-05-17 23:18:42 | INFO | P02 |   MESSAGE SENT  sent=4
2026-05-17 23:18:42 | INFO | C02 | {'currency_code': 'USD', 'customer_id': 'CUST-5333', 'customer_note': 'Highly recommend', 'datetime': '2026-05-04T08:40:00Z', 'device_type': 'mobile', 'discount_code': '', 'is_new_customer': 'false', 'is_online': 'true', 'order_id': 'd77ed935-9b28-431d-bc25-0a3fd98f4154', 'payment_method': 'paypal', 'product_id': 'PY-STREAM-005', 'quantity': '1', 'referral_source': 'organic', 'region_id': 'US-CA', 'unit_price': '59.99', '_kafka_key': 'US-CA', '_kafka_partition': 0, '_kafka_offset': 15}
2026-05-17 23:18:42 | INFO | C02 | Processing raw message.
2026-05-17 23:18:42 | INFO | C02 | MESSAGE CONSUMED
2026-05-17 23:18:42 | INFO | C02 | consumed=16
2026-05-17 23:18:44 | INFO | P02 | {
  order_id: 24b91995-25f8-4ad7-8fa6-2e4c15750e5e
  datetime: 2026-05-04T08:41:00Z
  region_id: US-MO
  currency_code: USD
  product_id: PY-VIZ-003
  unit_price: 39.99
  quantity: 1
  is_online: true
  customer_id: CUST-8573
  is_new_customer: false
  device_type: mobile
  payment_method: apple_pay
  referral_source: paid_search
  discount_code: 
  customer_note: Learning at my own pace
}
2026-05-17 23:18:44 | INFO | P02 |   Sending message with key=US-MO
2026-05-17 23:18:44 | INFO | P02 |   MESSAGE SENT  sent=5
2026-05-17 23:18:44 | INFO | C02 | {'currency_code': 'USD', 'customer_id': 'CUST-8573', 'customer_note': 'Learning at my own pace', 'datetime': '2026-05-04T08:41:00Z', 'device_type': 'mobile', 'discount_code': '', 'is_new_customer': 'false', 'is_online': 'true', 'order_id': '24b91995-25f8-4ad7-8fa6-2e4c15750e5e', 'payment_method': 'apple_pay', 'product_id': 'PY-VIZ-003', 'quantity': '1', 'referral_source': 'paid_search', 'region_id': 'US-MO', 'unit_price': '39.99', '_kafka_key': 'US-MO', '_kafka_partition': 0, '_kafka_offset': 16}
2026-05-17 23:18:44 | INFO | C02 | Processing raw message.
2026-05-17 23:18:44 | INFO | C02 | MESSAGE CONSUMED
2026-05-17 23:18:44 | INFO | C02 | consumed=17
2026-05-17 23:18:46 | INFO | P02 | {
  order_id: 1ec0fc8b-998c-4f43-8a66-19e1fa7d5fa8
  datetime: 2026-05-04T08:54:00Z
  region_id: CA-ON
  currency_code: CAD
  product_id: PY-SQL-004
  unit_price: 44.99
  quantity: 1
  is_online: true
  customer_id: CUST-8062
  is_new_customer: false
  device_type: tablet
  payment_method: paypal
  referral_source: organic
  discount_code: 
  customer_note: 
}
2026-05-17 23:18:46 | INFO | P02 |   Sending message with key=CA-ON
2026-05-17 23:18:46 | INFO | P02 |   MESSAGE SENT  sent=6
2026-05-17 23:18:46 | INFO | C02 | {'currency_code': 'CAD', 'customer_id': 'CUST-8062', 'customer_note': '', 'datetime': '2026-05-04T08:54:00Z', 'device_type': 'tablet', 'discount_code': '', 'is_new_customer': 'false', 'is_online': 'true', 'order_id': '1ec0fc8b-998c-4f43-8a66-19e1fa7d5fa8', 'payment_method': 'paypal', 'product_id': 'PY-SQL-004', 'quantity': '1', 'referral_source': 'organic', 'region_id': 'CA-ON', 'unit_price': '44.99', '_kafka_key': 'CA-ON', '_kafka_partition': 0, '_kafka_offset': 17}
2026-05-17 23:18:46 | INFO | C02 | Processing raw message.
2026-05-17 23:18:46 | INFO | C02 | MESSAGE CONSUMED
2026-05-17 23:18:46 | INFO | C02 | consumed=18
2026-05-17 23:18:48 | INFO | P02 | ========================
2026-05-17 23:18:48 | INFO | P02 | SECTION E. Exit
2026-05-17 23:18:48 | INFO | P02 | ========================
2026-05-17 23:18:48 | INFO | P02 | Summary:
2026-05-17 23:18:48 | INFO | P02 | Sent 6 message(s) to topic 'product-sales-case'.
2026-05-17 23:18:48 | INFO | P02 | ========================
2026-05-17 23:18:48 | INFO | P02 | Producer executed successfully!
2026-05-17 23:18:48 | INFO | P02 | ========================
2026-05-17 23:18:57 | INFO | C02 | No message received within 10.0s timeout.
2026-05-17 23:18:57 | INFO | C02 | Producer finished or paused. Stopping consumer.
2026-05-17 23:18:57 | INFO | C02 | Kafka consumer closed.
2026-05-17 23:18:57 | INFO | C02 | ========================
2026-05-17 23:18:57 | INFO | C02 | SECTION E. Exit
2026-05-17 23:18:57 | INFO | C02 | ========================
2026-05-17 23:18:57 | INFO | C02 | Summary:
2026-05-17 23:18:57 | INFO | C02 | Consumed 18 message(s) from topic 'product-sales-case'.
2026-05-17 23:18:57 | INFO | C02 | OUTPUT_CSV = data\output\consumed_sales.csv
2026-05-17 23:18:57 | INFO | C02 | ========================
2026-05-17 23:18:57 | INFO | C02 | Consumer executed successfully!
2026-05-17 23:18:57 | INFO | C02 | ========================
2026-05-21 20:52:18 | DEBUG | C02 | No variables found in .env
2026-05-21 20:52:18 | INFO | C02 | === RUN START ===
2026-05-21 20:52:18 | INFO | C02 | project=C02
2026-05-21 20:52:18 | INFO | C02 | repo_dir=streaming-02-kafka
2026-05-21 20:52:18 | INFO | C02 | python=3.14.3
2026-05-21 20:52:18 | INFO | C02 | os=Windows 11
2026-05-21 20:52:18 | INFO | C02 | shell=powershell
2026-05-21 20:52:18 | INFO | C02 | cwd=.
2026-05-21 20:52:18 | INFO | C02 | github_actions=False
2026-05-21 20:52:18 | INFO | C02 | ========================
2026-05-21 20:52:18 | INFO | C02 | START consumer main()
2026-05-21 20:52:18 | INFO | C02 | ========================
2026-05-21 20:52:18 | INFO | C02 | ROOT_DIR = .
2026-05-21 20:52:18 | INFO | C02 | DATA_DIR = data
2026-05-21 20:52:18 | INFO | C02 | OUTPUT_CSV = data\output\consumed_sales_sowers.csv
2026-05-21 20:52:18 | INFO | C02 | ========================
2026-05-21 20:52:18 | INFO | C02 | SECTION A. Acquire
2026-05-21 20:52:18 | INFO | C02 | ========================
2026-05-21 20:52:18 | INFO | C02 | Loading settings from .env...
2026-05-21 20:52:18 | INFO | C02 | KAFKA_BOOTSTRAP_SERVERS  = localhost:9092
2026-05-21 20:52:18 | INFO | C02 | KAFKA_TOPIC              = product-sales-case
2026-05-21 20:52:18 | INFO | C02 | KAFKA_GROUP_ID           = streaming-consumer-group-A
2026-05-21 20:52:18 | INFO | C02 | CONSUMER_TIMEOUT_SECONDS = 10.0
2026-05-21 20:52:18 | INFO | C02 | CONSUMER_MAX_MESSAGES    = 1000
2026-05-21 20:52:18 | INFO | C02 | Verifying Kafka connection...
2026-05-21 20:52:18 | INFO | C02 | Kafka port is reachable.
2026-05-21 20:52:18 | INFO | C02 | Verifying Kafka topic...
2026-05-21 20:52:19 | ERROR | C02 | Topic 'product-sales-case' does not exist.
2026-05-21 20:52:19 | ERROR | C02 | Run the producer first.
2026-05-21 20:53:56 | DEBUG | P02 | No variables found in .env
2026-05-21 20:53:56 | INFO | P02 | === RUN START ===
2026-05-21 20:53:56 | INFO | P02 | project=P02
2026-05-21 20:53:56 | INFO | P02 | repo_dir=streaming-02-kafka
2026-05-21 20:53:56 | INFO | P02 | python=3.14.3
2026-05-21 20:53:56 | INFO | P02 | os=Windows 11
2026-05-21 20:53:56 | INFO | P02 | shell=powershell
2026-05-21 20:53:56 | INFO | P02 | cwd=.
2026-05-21 20:53:56 | INFO | P02 | github_actions=False
2026-05-21 20:53:56 | INFO | P02 | ========================
2026-05-21 20:53:56 | INFO | P02 | START producer main()
2026-05-21 20:53:56 | INFO | P02 | ========================
2026-05-21 20:53:56 | INFO | P02 | ROOT_DIR = .
2026-05-21 20:53:56 | INFO | P02 | DATA_DIR = data
2026-05-21 20:53:56 | INFO | P02 | SALES_CSV = data\sales_sowers.csv
2026-05-21 20:53:56 | INFO | P02 | ========================
2026-05-21 20:53:56 | INFO | P02 | SECTION A. Acquire
2026-05-21 20:53:56 | INFO | P02 | ========================
2026-05-21 20:53:56 | INFO | P02 | Loading settings from .env...
2026-05-21 20:53:56 | INFO | P02 | KAFKA_BOOTSTRAP_SERVERS           = localhost:9092
2026-05-21 20:53:56 | INFO | P02 | KAFKA_TOPIC                       = product-sales-case
2026-05-21 20:53:56 | INFO | P02 | PRODUCER_MESSAGE_COUNT            = 6
2026-05-21 20:53:56 | INFO | P02 | PRODUCER_MESSAGE_INTERVAL_SECONDS = 2.0
2026-05-21 20:53:56 | INFO | P02 | KAFKA_CLEAR_TOPIC_ON_START        = False
2026-05-21 20:53:56 | INFO | P02 | Verifying Kafka connection...
2026-05-21 20:53:56 | INFO | P02 | Kafka port is reachable.
2026-05-21 20:53:58 | INFO | P02 | ========================
2026-05-21 20:53:58 | INFO | P02 | SECTION P. Produce Messages
2026-05-21 20:53:58 | INFO | P02 | ========================
2026-05-21 20:53:58 | INFO | P02 | Sending messages...
2026-05-21 20:53:58 | INFO | P02 | Sending up to 6 message(s) to topic 'product-sales-case'.
2026-05-21 20:53:58 | INFO | P02 | Watch each sale arrive. Press CTRL+C to stop early.

2026-05-21 20:53:58 | ERROR | P02 | !!!!!!!!!!!!!!!!!!!!!!!!!!!!!!!!!
This project needs a CSV file to generate messages.
Required CSV file not found:
    D:/Code/Repos/streaming-02-kafka/data/sales_sowers.csv

CHECK:
1. Confirm you are running the command from the project root folder.
2. Confirm the data folder exists.
3. Confirm data/sales.csv exists.
4. If the file was deleted, restore it from the repository.
!!!!!!!!!!!!!!!!!!!!!!!!!!!!!!!!!
2026-05-21 20:53:58 | ERROR | P02 | Producer stopped before completing all messages.
2026-05-21 20:54:31 | DEBUG | P02 | No variables found in .env
2026-05-21 20:54:31 | INFO | P02 | === RUN START ===
2026-05-21 20:54:31 | INFO | P02 | project=P02
2026-05-21 20:54:31 | INFO | P02 | repo_dir=streaming-02-kafka
2026-05-21 20:54:31 | INFO | P02 | python=3.14.3
2026-05-21 20:54:31 | INFO | P02 | os=Windows 11
2026-05-21 20:54:31 | INFO | P02 | shell=powershell
2026-05-21 20:54:31 | INFO | P02 | cwd=.
2026-05-21 20:54:31 | INFO | P02 | github_actions=False
2026-05-21 20:54:31 | INFO | P02 | ========================
2026-05-21 20:54:31 | INFO | P02 | START producer main()
2026-05-21 20:54:31 | INFO | P02 | ========================
2026-05-21 20:54:31 | INFO | P02 | ROOT_DIR = .
2026-05-21 20:54:31 | INFO | P02 | DATA_DIR = data
2026-05-21 20:54:31 | INFO | P02 | SALES_CSV = data\sales_sowers.csv
2026-05-21 20:54:31 | INFO | P02 | ========================
2026-05-21 20:54:31 | INFO | P02 | SECTION A. Acquire
2026-05-21 20:54:31 | INFO | P02 | ========================
2026-05-21 20:54:31 | INFO | P02 | Loading settings from .env...
2026-05-21 20:54:31 | INFO | P02 | KAFKA_BOOTSTRAP_SERVERS           = localhost:9092
2026-05-21 20:54:31 | INFO | P02 | KAFKA_TOPIC                       = product-sales-case
2026-05-21 20:54:31 | INFO | P02 | PRODUCER_MESSAGE_COUNT            = 6
2026-05-21 20:54:31 | INFO | P02 | PRODUCER_MESSAGE_INTERVAL_SECONDS = 2.0
2026-05-21 20:54:31 | INFO | P02 | KAFKA_CLEAR_TOPIC_ON_START        = False
2026-05-21 20:54:31 | INFO | P02 | Verifying Kafka connection...
2026-05-21 20:54:31 | INFO | P02 | Kafka port is reachable.
2026-05-21 20:54:36 | INFO | P02 | ========================
2026-05-21 20:54:36 | INFO | P02 | SECTION P. Produce Messages
2026-05-21 20:54:36 | INFO | P02 | ========================
2026-05-21 20:54:36 | INFO | P02 | Sending messages...
2026-05-21 20:54:36 | INFO | P02 | Sending up to 6 message(s) to topic 'product-sales-case'.
2026-05-21 20:54:36 | INFO | P02 | Watch each sale arrive. Press CTRL+C to stop early.

2026-05-21 20:54:36 | ERROR | P02 | !!!!!!!!!!!!!!!!!!!!!!!!!!!!!!!!!
This project needs a CSV file to generate messages.
Required CSV file not found:
    D:/Code/Repos/streaming-02-kafka/data/sales_sowers.csv

CHECK:
1. Confirm you are running the command from the project root folder.
2. Confirm the data folder exists.
3. Confirm data/sales.csv exists.
4. If the file was deleted, restore it from the repository.
!!!!!!!!!!!!!!!!!!!!!!!!!!!!!!!!!
2026-05-21 20:54:36 | ERROR | P02 | Producer stopped before completing all messages.
2026-05-21 20:56:24 | DEBUG | P02 | No variables found in .env
2026-05-21 20:56:24 | INFO | P02 | === RUN START ===
2026-05-21 20:56:24 | INFO | P02 | project=P02
2026-05-21 20:56:24 | INFO | P02 | repo_dir=streaming-02-kafka
2026-05-21 20:56:24 | INFO | P02 | python=3.14.3
2026-05-21 20:56:24 | INFO | P02 | os=Windows 11
2026-05-21 20:56:24 | INFO | P02 | shell=powershell
2026-05-21 20:56:24 | INFO | P02 | cwd=.
2026-05-21 20:56:24 | INFO | P02 | github_actions=False
2026-05-21 20:56:24 | INFO | P02 | ========================
2026-05-21 20:56:24 | INFO | P02 | START producer main()
2026-05-21 20:56:24 | INFO | P02 | ========================
2026-05-21 20:56:24 | INFO | P02 | ROOT_DIR = .
2026-05-21 20:56:24 | INFO | P02 | DATA_DIR = data
2026-05-21 20:56:24 | INFO | P02 | SALES_CSV = data\sales_sowers.csv
2026-05-21 20:56:24 | INFO | P02 | ========================
2026-05-21 20:56:24 | INFO | P02 | SECTION A. Acquire
2026-05-21 20:56:24 | INFO | P02 | ========================
2026-05-21 20:56:24 | INFO | P02 | Loading settings from .env...
2026-05-21 20:56:24 | INFO | P02 | KAFKA_BOOTSTRAP_SERVERS           = localhost:9092
2026-05-21 20:56:24 | INFO | P02 | KAFKA_TOPIC                       = product-sales-case
2026-05-21 20:56:24 | INFO | P02 | PRODUCER_MESSAGE_COUNT            = 6
2026-05-21 20:56:24 | INFO | P02 | PRODUCER_MESSAGE_INTERVAL_SECONDS = 2.0
2026-05-21 20:56:24 | INFO | P02 | KAFKA_CLEAR_TOPIC_ON_START        = False
2026-05-21 20:56:24 | INFO | P02 | Verifying Kafka connection...
2026-05-21 20:56:24 | INFO | P02 | Kafka port is reachable.
2026-05-21 20:56:24 | INFO | P02 | ========================
2026-05-21 20:56:24 | INFO | P02 | SECTION P. Produce Messages
2026-05-21 20:56:24 | INFO | P02 | ========================
2026-05-21 20:56:24 | INFO | P02 | Sending messages...
2026-05-21 20:56:24 | INFO | P02 | Sending up to 6 message(s) to topic 'product-sales-case'.
2026-05-21 20:56:24 | INFO | P02 | Watch each sale arrive. Press CTRL+C to stop early.

2026-05-21 20:56:24 | ERROR | P02 | !!!!!!!!!!!!!!!!!!!!!!!!!!!!!!!!!
This project needs a CSV file to generate messages.
Required CSV file not found:
    D:/Code/Repos/streaming-02-kafka/data/sales_sowers.csv

CHECK:
1. Confirm you are running the command from the project root folder.
2. Confirm the data folder exists.
3. Confirm data/sales.csv exists.
4. If the file was deleted, restore it from the repository.
!!!!!!!!!!!!!!!!!!!!!!!!!!!!!!!!!
2026-05-21 20:56:24 | ERROR | P02 | Producer stopped before completing all messages.
2026-05-21 20:59:23 | DEBUG | P02 | No variables found in .env
2026-05-21 20:59:23 | INFO | P02 | === RUN START ===
2026-05-21 20:59:23 | INFO | P02 | project=P02
2026-05-21 20:59:23 | INFO | P02 | repo_dir=streaming-02-kafka
2026-05-21 20:59:23 | INFO | P02 | python=3.14.3
2026-05-21 20:59:23 | INFO | P02 | os=Windows 11
2026-05-21 20:59:23 | INFO | P02 | shell=powershell
2026-05-21 20:59:23 | INFO | P02 | cwd=.
2026-05-21 20:59:23 | INFO | P02 | github_actions=False
2026-05-21 20:59:23 | INFO | P02 | ========================
2026-05-21 20:59:23 | INFO | P02 | START producer main()
2026-05-21 20:59:23 | INFO | P02 | ========================
2026-05-21 20:59:23 | INFO | P02 | ROOT_DIR = .
2026-05-21 20:59:23 | INFO | P02 | DATA_DIR = data
2026-05-21 20:59:23 | INFO | P02 | SALES_CSV = data\sales_sowers.csv
2026-05-21 20:59:23 | INFO | P02 | ========================
2026-05-21 20:59:23 | INFO | P02 | SECTION A. Acquire
2026-05-21 20:59:23 | INFO | P02 | ========================
2026-05-21 20:59:23 | INFO | P02 | Loading settings from .env...
2026-05-21 20:59:23 | INFO | P02 | KAFKA_BOOTSTRAP_SERVERS           = localhost:9092
2026-05-21 20:59:23 | INFO | P02 | KAFKA_TOPIC                       = product-sales-case
2026-05-21 20:59:23 | INFO | P02 | PRODUCER_MESSAGE_COUNT            = 6
2026-05-21 20:59:23 | INFO | P02 | PRODUCER_MESSAGE_INTERVAL_SECONDS = 2.0
2026-05-21 20:59:23 | INFO | P02 | KAFKA_CLEAR_TOPIC_ON_START        = False
2026-05-21 20:59:23 | INFO | P02 | Verifying Kafka connection...
2026-05-21 20:59:23 | INFO | P02 | Kafka port is reachable.
2026-05-21 20:59:38 | INFO | P02 | ========================
2026-05-21 20:59:38 | INFO | P02 | SECTION P. Produce Messages
2026-05-21 20:59:38 | INFO | P02 | ========================
2026-05-21 20:59:38 | INFO | P02 | Sending messages...
2026-05-21 20:59:38 | INFO | P02 | Sending up to 6 message(s) to topic 'product-sales-case'.
2026-05-21 20:59:38 | INFO | P02 | Watch each sale arrive. Press CTRL+C to stop early.

2026-05-21 20:59:38 | INFO | P02 | {
  order_id: e7324981-a9f0-419f-b708-d0a333451fff
  datetime: 2026-05-04T08:11:00Z
  region_id: US-TX
  currency_code: USD
  product_id: PY-STREAM-005
  unit_price: 59.99
  quantity: 3
  is_online: true
  customer_id: CUST-4150
  is_new_customer: false
  device_type: tablet
  payment_method: paypal
  referral_source: paid_search
  discount_code: 
  customer_note: Gift for my team
}
2026-05-21 20:59:38 | INFO | P02 |   Sending message with key=US-TX
2026-05-21 20:59:43 | INFO | P02 |   MESSAGE SENT  sent=1
2026-05-21 20:59:45 | INFO | P02 | {
  order_id: d61943e0-f543-4b5f-9c9a-18605ea4cfe5
  datetime: 2026-05-04T08:23:00Z
  region_id: US-TX
  currency_code: USD
  product_id: PY-DATA-002
  unit_price: 49.99
  quantity: 1
  is_online: true
  customer_id: CUST-1106
  is_new_customer: false
  device_type: mobile
  payment_method: paypal
  referral_source: paid_search
  discount_code: 
  customer_note: Gift for my team
}
2026-05-21 20:59:45 | INFO | P02 |   Sending message with key=US-TX
2026-05-21 20:59:45 | INFO | P02 |   MESSAGE SENT  sent=2
2026-05-21 20:59:47 | INFO | P02 | {
  order_id: 14da1915-8e74-47be-9e10-f7275d31af46
  datetime: 2026-05-04T08:28:00Z
  region_id: CA-QC
  currency_code: CAD
  product_id: PY-NLP-006
  unit_price: 54.99
  quantity: 1
  is_online: true
  customer_id: CUST-2133
  is_new_customer: false
  device_type: desktop
  payment_method: paypal
  referral_source: organic
  discount_code: 
  customer_note: Learning at my own pace
}
2026-05-21 20:59:47 | INFO | P02 |   Sending message with key=CA-QC
2026-05-21 20:59:47 | INFO | P02 |   MESSAGE SENT  sent=3
2026-05-21 20:59:49 | INFO | P02 | {
  order_id: d77ed935-9b28-431d-bc25-0a3fd98f4154
  datetime: 2026-05-04T08:40:00Z
  region_id: US-CA
  currency_code: USD
  product_id: PY-STREAM-005
  unit_price: 59.99
  quantity: 1
  is_online: true
  customer_id: CUST-5333
  is_new_customer: false
  device_type: mobile
  payment_method: paypal
  referral_source: organic
  discount_code: 
  customer_note: Highly recommend
}
2026-05-21 20:59:49 | INFO | P02 |   Sending message with key=US-CA
2026-05-21 20:59:49 | INFO | P02 |   MESSAGE SENT  sent=4
2026-05-21 20:59:51 | INFO | P02 | {
  order_id: 24b91995-25f8-4ad7-8fa6-2e4c15750e5e
  datetime: 2026-05-04T08:41:00Z
  region_id: US-MO
  currency_code: USD
  product_id: PY-VIZ-003
  unit_price: 39.99
  quantity: 1
  is_online: true
  customer_id: CUST-8573
  is_new_customer: false
  device_type: mobile
  payment_method: apple_pay
  referral_source: paid_search
  discount_code: 
  customer_note: Learning at my own pace
}
2026-05-21 20:59:51 | INFO | P02 |   Sending message with key=US-MO
2026-05-21 20:59:51 | INFO | P02 |   MESSAGE SENT  sent=5
2026-05-21 20:59:53 | INFO | P02 | {
  order_id: 1ec0fc8b-998c-4f43-8a66-19e1fa7d5fa8
  datetime: 2026-05-04T08:54:00Z
  region_id: CA-ON
  currency_code: CAD
  product_id: PY-SQL-004
  unit_price: 44.99
  quantity: 1
  is_online: true
  customer_id: CUST-8062
  is_new_customer: false
  device_type: tablet
  payment_method: paypal
  referral_source: organic
  discount_code: 
  customer_note: 
}
2026-05-21 20:59:53 | INFO | P02 |   Sending message with key=CA-ON
2026-05-21 20:59:53 | INFO | P02 |   MESSAGE SENT  sent=6
2026-05-21 20:59:55 | INFO | P02 | ========================
2026-05-21 20:59:55 | INFO | P02 | SECTION E. Exit
2026-05-21 20:59:55 | INFO | P02 | ========================
2026-05-21 20:59:55 | INFO | P02 | Summary:
2026-05-21 20:59:55 | INFO | P02 | Sent 6 message(s) to topic 'product-sales-case'.
2026-05-21 20:59:55 | INFO | P02 | ========================
2026-05-21 20:59:55 | INFO | P02 | Producer executed successfully!
2026-05-21 20:59:55 | INFO | P02 | ========================
2026-05-21 21:00:09 | DEBUG | C02 | No variables found in .env
2026-05-21 21:00:09 | INFO | C02 | === RUN START ===
2026-05-21 21:00:09 | INFO | C02 | project=C02
2026-05-21 21:00:09 | INFO | C02 | repo_dir=streaming-02-kafka
2026-05-21 21:00:09 | INFO | C02 | python=3.14.3
2026-05-21 21:00:09 | INFO | C02 | os=Windows 11
2026-05-21 21:00:09 | INFO | C02 | shell=powershell
2026-05-21 21:00:09 | INFO | C02 | cwd=.
2026-05-21 21:00:09 | INFO | C02 | github_actions=False
2026-05-21 21:00:09 | INFO | C02 | ========================
2026-05-21 21:00:09 | INFO | C02 | START consumer main()
2026-05-21 21:00:09 | INFO | C02 | ========================
2026-05-21 21:00:09 | INFO | C02 | ROOT_DIR = .
2026-05-21 21:00:09 | INFO | C02 | DATA_DIR = data
2026-05-21 21:00:09 | INFO | C02 | OUTPUT_CSV = data\output\consumed_sales_sowers.csv
2026-05-21 21:00:09 | INFO | C02 | ========================
2026-05-21 21:00:09 | INFO | C02 | SECTION A. Acquire
2026-05-21 21:00:09 | INFO | C02 | ========================
2026-05-21 21:00:09 | INFO | C02 | Loading settings from .env...
2026-05-21 21:00:09 | INFO | C02 | KAFKA_BOOTSTRAP_SERVERS  = localhost:9092
2026-05-21 21:00:09 | INFO | C02 | KAFKA_TOPIC              = product-sales-case
2026-05-21 21:00:09 | INFO | C02 | KAFKA_GROUP_ID           = streaming-consumer-group-A
2026-05-21 21:00:09 | INFO | C02 | CONSUMER_TIMEOUT_SECONDS = 10.0
2026-05-21 21:00:09 | INFO | C02 | CONSUMER_MAX_MESSAGES    = 1000
2026-05-21 21:00:09 | INFO | C02 | Verifying Kafka connection...
2026-05-21 21:00:09 | INFO | C02 | Kafka port is reachable.
2026-05-21 21:00:09 | INFO | C02 | Verifying Kafka topic...
2026-05-21 21:02:00 | DEBUG | C02 | No variables found in .env
2026-05-21 21:02:00 | INFO | C02 | === RUN START ===
2026-05-21 21:02:00 | INFO | C02 | project=C02
2026-05-21 21:02:00 | INFO | C02 | repo_dir=streaming-02-kafka
2026-05-21 21:02:00 | INFO | C02 | python=3.14.3
2026-05-21 21:02:00 | INFO | C02 | os=Windows 11
2026-05-21 21:02:00 | INFO | C02 | shell=powershell
2026-05-21 21:02:00 | INFO | C02 | cwd=.
2026-05-21 21:02:00 | INFO | C02 | github_actions=False
2026-05-21 21:02:00 | INFO | C02 | ========================
2026-05-21 21:02:00 | INFO | C02 | START consumer main()
2026-05-21 21:02:00 | INFO | C02 | ========================
2026-05-21 21:02:00 | INFO | C02 | ROOT_DIR = .
2026-05-21 21:02:00 | INFO | C02 | DATA_DIR = data
2026-05-21 21:02:00 | INFO | C02 | OUTPUT_CSV = data\output\consumed_sales_sowers.csv
2026-05-21 21:02:00 | INFO | C02 | ========================
2026-05-21 21:02:00 | INFO | C02 | SECTION A. Acquire
2026-05-21 21:02:00 | INFO | C02 | ========================
2026-05-21 21:02:00 | INFO | C02 | Loading settings from .env...
2026-05-21 21:02:00 | INFO | C02 | KAFKA_BOOTSTRAP_SERVERS  = localhost:9092
2026-05-21 21:02:00 | INFO | C02 | KAFKA_TOPIC              = product-sales-case
2026-05-21 21:02:00 | INFO | C02 | KAFKA_GROUP_ID           = streaming-consumer-group-A
2026-05-21 21:02:00 | INFO | C02 | CONSUMER_TIMEOUT_SECONDS = 10.0
2026-05-21 21:02:00 | INFO | C02 | CONSUMER_MAX_MESSAGES    = 1000
2026-05-21 21:02:00 | INFO | C02 | Verifying Kafka connection...
2026-05-21 21:02:00 | INFO | C02 | Kafka port is reachable.
2026-05-21 21:02:00 | INFO | C02 | Verifying Kafka topic...
2026-05-21 21:03:15 | DEBUG | C02 | No variables found in .env
2026-05-21 21:03:15 | INFO | C02 | === RUN START ===
2026-05-21 21:03:15 | INFO | C02 | project=C02
2026-05-21 21:03:15 | INFO | C02 | repo_dir=streaming-02-kafka
2026-05-21 21:03:15 | INFO | C02 | python=3.14.3
2026-05-21 21:03:15 | INFO | C02 | os=Windows 11
2026-05-21 21:03:15 | INFO | C02 | shell=powershell
2026-05-21 21:03:15 | INFO | C02 | cwd=.
2026-05-21 21:03:15 | INFO | C02 | github_actions=False
2026-05-21 21:03:15 | INFO | C02 | ========================
2026-05-21 21:03:15 | INFO | C02 | START consumer main()
2026-05-21 21:03:15 | INFO | C02 | ========================
2026-05-21 21:03:15 | INFO | C02 | ROOT_DIR = .
2026-05-21 21:03:15 | INFO | C02 | DATA_DIR = data
2026-05-21 21:03:15 | INFO | C02 | OUTPUT_CSV = data\output\consumed_sales_sowers.csv
2026-05-21 21:03:15 | INFO | C02 | ========================
2026-05-21 21:03:15 | INFO | C02 | SECTION A. Acquire
2026-05-21 21:03:15 | INFO | C02 | ========================
2026-05-21 21:03:15 | INFO | C02 | Loading settings from .env...
2026-05-21 21:03:15 | INFO | C02 | KAFKA_BOOTSTRAP_SERVERS  = localhost:9092
2026-05-21 21:03:15 | INFO | C02 | KAFKA_TOPIC              = product-sales-case
2026-05-21 21:03:15 | INFO | C02 | KAFKA_GROUP_ID           = streaming-consumer-group-A
2026-05-21 21:03:15 | INFO | C02 | CONSUMER_TIMEOUT_SECONDS = 10.0
2026-05-21 21:03:15 | INFO | C02 | CONSUMER_MAX_MESSAGES    = 1000
2026-05-21 21:03:15 | INFO | C02 | Verifying Kafka connection...
2026-05-21 21:03:15 | INFO | C02 | Kafka port is reachable.
2026-05-21 21:03:15 | INFO | C02 | Verifying Kafka topic...
2026-05-21 21:04:04 | DEBUG | P02 | No variables found in .env
2026-05-21 21:04:04 | INFO | P02 | === RUN START ===
2026-05-21 21:04:04 | INFO | P02 | project=P02
2026-05-21 21:04:04 | INFO | P02 | repo_dir=streaming-02-kafka
2026-05-21 21:04:04 | INFO | P02 | python=3.14.3
2026-05-21 21:04:04 | INFO | P02 | os=Windows 11
2026-05-21 21:04:04 | INFO | P02 | shell=powershell
2026-05-21 21:04:04 | INFO | P02 | cwd=.
2026-05-21 21:04:04 | INFO | P02 | github_actions=False
2026-05-21 21:04:04 | INFO | P02 | ========================
2026-05-21 21:04:04 | INFO | P02 | START producer main()
2026-05-21 21:04:04 | INFO | P02 | ========================
2026-05-21 21:04:04 | INFO | P02 | ROOT_DIR = .
2026-05-21 21:04:04 | INFO | P02 | DATA_DIR = data
2026-05-21 21:04:04 | INFO | P02 | SALES_CSV = data\sales_sowers.csv
2026-05-21 21:04:04 | INFO | P02 | ========================
2026-05-21 21:04:04 | INFO | P02 | SECTION A. Acquire
2026-05-21 21:04:04 | INFO | P02 | ========================
2026-05-21 21:04:04 | INFO | P02 | Loading settings from .env...
2026-05-21 21:04:04 | INFO | P02 | KAFKA_BOOTSTRAP_SERVERS           = localhost:9092
2026-05-21 21:04:04 | INFO | P02 | KAFKA_TOPIC                       = product-sales-case
2026-05-21 21:04:04 | INFO | P02 | PRODUCER_MESSAGE_COUNT            = 6
2026-05-21 21:04:04 | INFO | P02 | PRODUCER_MESSAGE_INTERVAL_SECONDS = 2.0
2026-05-21 21:04:04 | INFO | P02 | KAFKA_CLEAR_TOPIC_ON_START        = False
2026-05-21 21:04:04 | INFO | P02 | Verifying Kafka connection...
2026-05-21 21:04:04 | INFO | P02 | Kafka port is reachable.
2026-05-21 21:04:13 | INFO | P02 | ========================
2026-05-21 21:04:13 | INFO | P02 | SECTION P. Produce Messages
2026-05-21 21:04:13 | INFO | P02 | ========================
2026-05-21 21:04:13 | INFO | P02 | Sending messages...
2026-05-21 21:04:13 | INFO | P02 | Sending up to 6 message(s) to topic 'product-sales-case'.
2026-05-21 21:04:13 | INFO | P02 | Watch each sale arrive. Press CTRL+C to stop early.

2026-05-21 21:04:13 | INFO | P02 | {
  order_id: e7324981-a9f0-419f-b708-d0a333451fff
  datetime: 2026-05-04T08:11:00Z
  region_id: US-TX
  currency_code: USD
  product_id: PY-STREAM-005
  unit_price: 59.99
  quantity: 3
  is_online: true
  customer_id: CUST-4150
  is_new_customer: false
  device_type: tablet
  payment_method: paypal
  referral_source: paid_search
  discount_code: 
  customer_note: Gift for my team
}
2026-05-21 21:04:13 | INFO | P02 |   Sending message with key=US-TX
2026-05-21 21:04:18 | INFO | P02 |   MESSAGE SENT  sent=1
2026-05-21 21:04:20 | INFO | P02 | {
  order_id: d61943e0-f543-4b5f-9c9a-18605ea4cfe5
  datetime: 2026-05-04T08:23:00Z
  region_id: US-TX
  currency_code: USD
  product_id: PY-DATA-002
  unit_price: 49.99
  quantity: 1
  is_online: true
  customer_id: CUST-1106
  is_new_customer: false
  device_type: mobile
  payment_method: paypal
  referral_source: paid_search
  discount_code: 
  customer_note: Gift for my team
}
2026-05-21 21:04:20 | INFO | P02 |   Sending message with key=US-TX
2026-05-21 21:04:20 | INFO | P02 |   MESSAGE SENT  sent=2
2026-05-21 21:04:22 | INFO | P02 | {
  order_id: 14da1915-8e74-47be-9e10-f7275d31af46
  datetime: 2026-05-04T08:28:00Z
  region_id: CA-QC
  currency_code: CAD
  product_id: PY-NLP-006
  unit_price: 54.99
  quantity: 1
  is_online: true
  customer_id: CUST-2133
  is_new_customer: false
  device_type: desktop
  payment_method: paypal
  referral_source: organic
  discount_code: 
  customer_note: Learning at my own pace
}
2026-05-21 21:04:22 | INFO | P02 |   Sending message with key=CA-QC
2026-05-21 21:04:22 | INFO | P02 |   MESSAGE SENT  sent=3
2026-05-21 21:04:24 | INFO | P02 | {
  order_id: d77ed935-9b28-431d-bc25-0a3fd98f4154
  datetime: 2026-05-04T08:40:00Z
  region_id: US-CA
  currency_code: USD
  product_id: PY-STREAM-005
  unit_price: 59.99
  quantity: 1
  is_online: true
  customer_id: CUST-5333
  is_new_customer: false
  device_type: mobile
  payment_method: paypal
  referral_source: organic
  discount_code: 
  customer_note: Highly recommend
}
2026-05-21 21:04:24 | INFO | P02 |   Sending message with key=US-CA
2026-05-21 21:04:24 | INFO | P02 |   MESSAGE SENT  sent=4
2026-05-21 21:04:26 | INFO | P02 | {
  order_id: 24b91995-25f8-4ad7-8fa6-2e4c15750e5e
  datetime: 2026-05-04T08:41:00Z
  region_id: US-MO
  currency_code: USD
  product_id: PY-VIZ-003
  unit_price: 39.99
  quantity: 1
  is_online: true
  customer_id: CUST-8573
  is_new_customer: false
  device_type: mobile
  payment_method: apple_pay
  referral_source: paid_search
  discount_code: 
  customer_note: Learning at my own pace
}
2026-05-21 21:04:26 | INFO | P02 |   Sending message with key=US-MO
2026-05-21 21:04:26 | INFO | P02 |   MESSAGE SENT  sent=5
2026-05-21 21:04:28 | INFO | P02 | {
  order_id: 1ec0fc8b-998c-4f43-8a66-19e1fa7d5fa8
  datetime: 2026-05-04T08:54:00Z
  region_id: CA-ON
  currency_code: CAD
  product_id: PY-SQL-004
  unit_price: 44.99
  quantity: 1
  is_online: true
  customer_id: CUST-8062
  is_new_customer: false
  device_type: tablet
  payment_method: paypal
  referral_source: organic
  discount_code: 
  customer_note: 
}
2026-05-21 21:04:28 | INFO | P02 |   Sending message with key=CA-ON
2026-05-21 21:04:28 | INFO | P02 |   MESSAGE SENT  sent=6
2026-05-21 21:04:30 | INFO | P02 | ========================
2026-05-21 21:04:30 | INFO | P02 | SECTION E. Exit
2026-05-21 21:04:30 | INFO | P02 | ========================
2026-05-21 21:04:30 | INFO | P02 | Summary:
2026-05-21 21:04:30 | INFO | P02 | Sent 6 message(s) to topic 'product-sales-case'.
2026-05-21 21:04:30 | INFO | P02 | ========================
2026-05-21 21:04:30 | INFO | P02 | Producer executed successfully!
2026-05-21 21:04:30 | INFO | P02 | ========================
2026-05-21 21:04:36 | DEBUG | C02 | No variables found in .env
2026-05-21 21:04:36 | INFO | C02 | === RUN START ===
2026-05-21 21:04:36 | INFO | C02 | project=C02
2026-05-21 21:04:36 | INFO | C02 | repo_dir=streaming-02-kafka
2026-05-21 21:04:36 | INFO | C02 | python=3.14.3
2026-05-21 21:04:36 | INFO | C02 | os=Windows 11
2026-05-21 21:04:36 | INFO | C02 | shell=powershell
2026-05-21 21:04:36 | INFO | C02 | cwd=.
2026-05-21 21:04:36 | INFO | C02 | github_actions=False
2026-05-21 21:04:36 | INFO | C02 | ========================
2026-05-21 21:04:36 | INFO | C02 | START consumer main()
2026-05-21 21:04:36 | INFO | C02 | ========================
2026-05-21 21:04:36 | INFO | C02 | ROOT_DIR = .
2026-05-21 21:04:36 | INFO | C02 | DATA_DIR = data
2026-05-21 21:04:36 | INFO | C02 | OUTPUT_CSV = data\output\consumed_sales_sowers.csv
2026-05-21 21:04:36 | INFO | C02 | ========================
2026-05-21 21:04:36 | INFO | C02 | SECTION A. Acquire
2026-05-21 21:04:36 | INFO | C02 | ========================
2026-05-21 21:04:36 | INFO | C02 | Loading settings from .env...
2026-05-21 21:04:36 | INFO | C02 | KAFKA_BOOTSTRAP_SERVERS  = localhost:9092
2026-05-21 21:04:36 | INFO | C02 | KAFKA_TOPIC              = product-sales-case
2026-05-21 21:04:36 | INFO | C02 | KAFKA_GROUP_ID           = streaming-consumer-group-A
2026-05-21 21:04:36 | INFO | C02 | CONSUMER_TIMEOUT_SECONDS = 10.0
2026-05-21 21:04:36 | INFO | C02 | CONSUMER_MAX_MESSAGES    = 1000
2026-05-21 21:04:36 | INFO | C02 | Verifying Kafka connection...
2026-05-21 21:04:36 | INFO | C02 | Kafka port is reachable.
2026-05-21 21:04:36 | INFO | C02 | Verifying Kafka topic...
2026-05-21 21:04:39 | INFO | C02 | Topic 'product-sales-case' exists.
2026-05-21 21:04:39 | INFO | C02 | Found 12 message(s) available.
2026-05-21 21:04:39 | INFO | C02 | Creating Kafka consumer...
2026-05-21 21:04:39 | INFO | C02 | Subscribed to topic: 'product-sales-case' (reading from beginning)
2026-05-21 21:04:39 | INFO | C02 | ========================
2026-05-21 21:04:39 | INFO | C02 | SECTION C. Consume and Process Messages
2026-05-21 21:04:39 | INFO | C02 | ========================
2026-05-21 21:04:39 | INFO | C02 | Initializing output...
2026-05-21 21:04:39 | INFO | C02 | Output CSV cleared: consumed_sales_sowers.csv
2026-05-21 21:04:39 | INFO | C02 | Consuming messages...
2026-05-21 21:04:39 | INFO | C02 | Waiting for up to 1000 message(s).
2026-05-21 21:04:39 | INFO | C02 | Press CTRL+C to stop early.

2026-05-21 21:04:49 | INFO | C02 | No message received within 10.0s timeout.
2026-05-21 21:04:49 | INFO | C02 | Producer finished or paused. Stopping consumer.
2026-05-21 21:04:49 | INFO | C02 | Kafka consumer closed.
2026-05-21 21:04:49 | INFO | C02 | ========================
2026-05-21 21:04:49 | INFO | C02 | SECTION E. Exit
2026-05-21 21:04:49 | INFO | C02 | ========================
2026-05-21 21:04:49 | INFO | C02 | Summary:
2026-05-21 21:04:49 | INFO | C02 | Consumed 0 message(s) from topic 'product-sales-case'.
2026-05-21 21:04:49 | INFO | C02 | OUTPUT_CSV = data\output\consumed_sales_sowers.csv
2026-05-21 21:04:49 | INFO | C02 | ========================
2026-05-21 21:04:49 | INFO | C02 | Consumer executed successfully!
2026-05-21 21:04:49 | INFO | C02 | ========================
2026-05-21 21:10:33 | DEBUG | C02 | No variables found in .env
2026-05-21 21:10:33 | INFO | C02 | === RUN START ===
2026-05-21 21:10:33 | INFO | C02 | project=C02
2026-05-21 21:10:33 | INFO | C02 | repo_dir=streaming-02-kafka
2026-05-21 21:10:33 | INFO | C02 | python=3.14.3
2026-05-21 21:10:33 | INFO | C02 | os=Windows 11
2026-05-21 21:10:33 | INFO | C02 | shell=powershell
2026-05-21 21:10:33 | INFO | C02 | cwd=.
2026-05-21 21:10:33 | INFO | C02 | github_actions=False
2026-05-21 21:10:33 | INFO | C02 | ========================
2026-05-21 21:10:33 | INFO | C02 | START consumer main()
2026-05-21 21:10:33 | INFO | C02 | ========================
2026-05-21 21:10:33 | INFO | C02 | ROOT_DIR = .
2026-05-21 21:10:33 | INFO | C02 | DATA_DIR = data
2026-05-21 21:10:33 | INFO | C02 | OUTPUT_CSV = data\output\consumed_sales_sowers.csv
2026-05-21 21:10:33 | INFO | C02 | ========================
2026-05-21 21:10:33 | INFO | C02 | SECTION A. Acquire
2026-05-21 21:10:33 | INFO | C02 | ========================
2026-05-21 21:10:33 | INFO | C02 | Loading settings from .env...
2026-05-21 21:10:33 | INFO | C02 | KAFKA_BOOTSTRAP_SERVERS  = localhost:9092
2026-05-21 21:10:33 | INFO | C02 | KAFKA_TOPIC              = product-sales-case
2026-05-21 21:10:33 | INFO | C02 | KAFKA_GROUP_ID           = streaming-consumer-group-A
2026-05-21 21:10:33 | INFO | C02 | CONSUMER_TIMEOUT_SECONDS = 10.0
2026-05-21 21:10:33 | INFO | C02 | CONSUMER_MAX_MESSAGES    = 1000
2026-05-21 21:10:33 | INFO | C02 | Verifying Kafka connection...
2026-05-21 21:10:33 | INFO | C02 | Kafka port is reachable.
2026-05-21 21:10:33 | INFO | C02 | Verifying Kafka topic...
2026-05-21 21:10:36 | INFO | C02 | Topic 'product-sales-case' exists.
2026-05-21 21:10:36 | INFO | C02 | Found 12 message(s) available.
2026-05-21 21:10:36 | INFO | C02 | Creating Kafka consumer...
2026-05-21 21:10:36 | INFO | C02 | Subscribed to topic: 'product-sales-case' (reading from beginning)
2026-05-21 21:10:36 | INFO | C02 | ========================
2026-05-21 21:10:36 | INFO | C02 | SECTION C. Consume and Process Messages
2026-05-21 21:10:36 | INFO | C02 | ========================
2026-05-21 21:10:36 | INFO | C02 | Initializing output...
2026-05-21 21:10:36 | INFO | C02 | Output CSV cleared: consumed_sales_sowers.csv
2026-05-21 21:10:36 | INFO | C02 | Consuming messages...
2026-05-21 21:10:36 | INFO | C02 | Waiting for up to 1000 message(s).
2026-05-21 21:10:36 | INFO | C02 | Press CTRL+C to stop early.

2026-05-21 21:10:46 | INFO | C02 | No message received within 10.0s timeout.
2026-05-21 21:10:46 | INFO | C02 | Producer finished or paused. Stopping consumer.
2026-05-21 21:10:46 | INFO | C02 | Kafka consumer closed.
2026-05-21 21:10:46 | INFO | C02 | ========================
2026-05-21 21:10:46 | INFO | C02 | SECTION E. Exit
2026-05-21 21:10:46 | INFO | C02 | ========================
2026-05-21 21:10:46 | INFO | C02 | Summary:
2026-05-21 21:10:46 | INFO | C02 | Consumed 0 message(s) from topic 'product-sales-case'.
2026-05-21 21:10:46 | INFO | C02 | OUTPUT_CSV = data\output\consumed_sales_sowers.csv
2026-05-21 21:10:46 | INFO | C02 | ========================
2026-05-21 21:10:46 | INFO | C02 | Consumer executed successfully!
2026-05-21 21:10:46 | INFO | C02 | ========================
2026-05-21 21:10:55 | DEBUG | P02 | No variables found in .env
2026-05-21 21:10:55 | INFO | P02 | === RUN START ===
2026-05-21 21:10:55 | INFO | P02 | project=P02
2026-05-21 21:10:55 | INFO | P02 | repo_dir=streaming-02-kafka
2026-05-21 21:10:55 | INFO | P02 | python=3.14.3
2026-05-21 21:10:55 | INFO | P02 | os=Windows 11
2026-05-21 21:10:55 | INFO | P02 | shell=powershell
2026-05-21 21:10:55 | INFO | P02 | cwd=.
2026-05-21 21:10:55 | INFO | P02 | github_actions=False
2026-05-21 21:10:55 | INFO | P02 | ========================
2026-05-21 21:10:55 | INFO | P02 | START producer main()
2026-05-21 21:10:55 | INFO | P02 | ========================
2026-05-21 21:10:55 | INFO | P02 | ROOT_DIR = .
2026-05-21 21:10:55 | INFO | P02 | DATA_DIR = data
2026-05-21 21:10:55 | INFO | P02 | SALES_CSV = data\sales_sowers.csv
2026-05-21 21:10:55 | INFO | P02 | ========================
2026-05-21 21:10:55 | INFO | P02 | SECTION A. Acquire
2026-05-21 21:10:55 | INFO | P02 | ========================
2026-05-21 21:10:55 | INFO | P02 | Loading settings from .env...
2026-05-21 21:10:55 | INFO | P02 | KAFKA_BOOTSTRAP_SERVERS           = localhost:9092
2026-05-21 21:10:55 | INFO | P02 | KAFKA_TOPIC                       = product-sales-case
2026-05-21 21:10:55 | INFO | P02 | PRODUCER_MESSAGE_COUNT            = 6
2026-05-21 21:10:55 | INFO | P02 | PRODUCER_MESSAGE_INTERVAL_SECONDS = 2.0
2026-05-21 21:10:55 | INFO | P02 | KAFKA_CLEAR_TOPIC_ON_START        = False
2026-05-21 21:10:55 | INFO | P02 | Verifying Kafka connection...
2026-05-21 21:10:55 | INFO | P02 | Kafka port is reachable.
2026-05-21 21:10:55 | INFO | P02 | ========================
2026-05-21 21:10:55 | INFO | P02 | SECTION P. Produce Messages
2026-05-21 21:10:55 | INFO | P02 | ========================
2026-05-21 21:10:55 | INFO | P02 | Sending messages...
2026-05-21 21:10:55 | INFO | P02 | Sending up to 6 message(s) to topic 'product-sales-case'.
2026-05-21 21:10:55 | INFO | P02 | Watch each sale arrive. Press CTRL+C to stop early.

2026-05-21 21:10:55 | INFO | P02 | {
  order_id: e7324981-a9f0-419f-b708-d0a333451fff
  datetime: 2026-05-04T08:11:00Z
  region_id: US-TX
  currency_code: USD
  product_id: PY-STREAM-005
  unit_price: 59.99
  quantity: 3
  is_online: true
  customer_id: CUST-4150
  is_new_customer: false
  device_type: tablet
  payment_method: paypal
  referral_source: paid_search
  discount_code: 
  customer_note: Gift for my team
}
2026-05-21 21:10:55 | INFO | P02 |   Sending message with key=US-TX
2026-05-21 21:11:00 | ERROR | P02 | !!!!!!!!!!!!!!!!!!!!!!!!!!!!!!!!!
The message was generated, but Kafka did not accept it.
Kafka did not confirm message delivery.
Details:
    KafkaError{code=_MSG_TIMED_OUT,val=-192,str="Local: Message timed out"}

CHECK:
1. Confirm Kafka is running.
2. Confirm the topic exists.
3. Confirm the broker is reachable at localhost:9092.
4. Try MANAGE_TOPIC.md to verify Kafka independently of Python.
!!!!!!!!!!!!!!!!!!!!!!!!!!!!!!!!!
2026-05-21 21:11:00 | ERROR | P02 | Producer stopped before completing all messages.
2026-05-21 21:12:34 | DEBUG | P02 | KAFKA_BROKER_ADDRESS_FAMILY = v6
2026-05-21 21:12:34 | INFO | P02 | === RUN START ===
2026-05-21 21:12:34 | INFO | P02 | project=P02
2026-05-21 21:12:34 | INFO | P02 | repo_dir=streaming-02-kafka
2026-05-21 21:12:34 | INFO | P02 | python=3.14.3
2026-05-21 21:12:34 | INFO | P02 | os=Windows 11
2026-05-21 21:12:34 | INFO | P02 | shell=powershell
2026-05-21 21:12:34 | INFO | P02 | cwd=.
2026-05-21 21:12:34 | INFO | P02 | github_actions=False
2026-05-21 21:12:34 | INFO | P02 | ========================
2026-05-21 21:12:34 | INFO | P02 | START producer main()
2026-05-21 21:12:34 | INFO | P02 | ========================
2026-05-21 21:12:34 | INFO | P02 | ROOT_DIR = .
2026-05-21 21:12:34 | INFO | P02 | DATA_DIR = data
2026-05-21 21:12:34 | INFO | P02 | SALES_CSV = data\sales_sowers.csv
2026-05-21 21:12:34 | INFO | P02 | ========================
2026-05-21 21:12:34 | INFO | P02 | SECTION A. Acquire
2026-05-21 21:12:34 | INFO | P02 | ========================
2026-05-21 21:12:34 | INFO | P02 | Loading settings from .env...
2026-05-21 21:12:34 | INFO | P02 | KAFKA_BOOTSTRAP_SERVERS           = localhost:9092
2026-05-21 21:12:34 | INFO | P02 | KAFKA_TOPIC                       = product-sales-case
2026-05-21 21:12:34 | INFO | P02 | PRODUCER_MESSAGE_COUNT            = 6
2026-05-21 21:12:34 | INFO | P02 | PRODUCER_MESSAGE_INTERVAL_SECONDS = 2.0
2026-05-21 21:12:34 | INFO | P02 | KAFKA_CLEAR_TOPIC_ON_START        = False
2026-05-21 21:12:34 | INFO | P02 | Verifying Kafka connection...
2026-05-21 21:12:34 | INFO | P02 | Kafka port is reachable.
2026-05-21 21:12:41 | INFO | P02 | ========================
2026-05-21 21:12:41 | INFO | P02 | SECTION P. Produce Messages
2026-05-21 21:12:41 | INFO | P02 | ========================
2026-05-21 21:12:41 | INFO | P02 | Sending messages...
2026-05-21 21:12:41 | INFO | P02 | Sending up to 6 message(s) to topic 'product-sales-case'.
2026-05-21 21:12:41 | INFO | P02 | Watch each sale arrive. Press CTRL+C to stop early.

2026-05-21 21:12:41 | INFO | P02 | {
  order_id: e7324981-a9f0-419f-b708-d0a333451fff
  datetime: 2026-05-04T08:11:00Z
  region_id: US-TX
  currency_code: USD
  product_id: PY-STREAM-005
  unit_price: 59.99
  quantity: 3
  is_online: true
  customer_id: CUST-4150
  is_new_customer: false
  device_type: tablet
  payment_method: paypal
  referral_source: paid_search
  discount_code: 
  customer_note: Gift for my team
}
2026-05-21 21:12:41 | INFO | P02 |   Sending message with key=US-TX
2026-05-21 21:12:41 | INFO | P02 |   MESSAGE SENT  sent=1
2026-05-21 21:12:43 | INFO | P02 | {
  order_id: d61943e0-f543-4b5f-9c9a-18605ea4cfe5
  datetime: 2026-05-04T08:23:00Z
  region_id: US-TX
  currency_code: USD
  product_id: PY-DATA-002
  unit_price: 49.99
  quantity: 1
  is_online: true
  customer_id: CUST-1106
  is_new_customer: false
  device_type: mobile
  payment_method: paypal
  referral_source: paid_search
  discount_code: 
  customer_note: Gift for my team
}
2026-05-21 21:12:43 | INFO | P02 |   Sending message with key=US-TX
2026-05-21 21:12:43 | INFO | P02 |   MESSAGE SENT  sent=2
2026-05-21 21:12:45 | INFO | P02 | {
  order_id: 14da1915-8e74-47be-9e10-f7275d31af46
  datetime: 2026-05-04T08:28:00Z
  region_id: CA-QC
  currency_code: CAD
  product_id: PY-NLP-006
  unit_price: 54.99
  quantity: 1
  is_online: true
  customer_id: CUST-2133
  is_new_customer: false
  device_type: desktop
  payment_method: paypal
  referral_source: organic
  discount_code: 
  customer_note: Learning at my own pace
}
2026-05-21 21:12:45 | INFO | P02 |   Sending message with key=CA-QC
2026-05-21 21:12:45 | INFO | P02 |   MESSAGE SENT  sent=3
2026-05-21 21:12:47 | INFO | P02 | {
  order_id: d77ed935-9b28-431d-bc25-0a3fd98f4154
  datetime: 2026-05-04T08:40:00Z
  region_id: US-CA
  currency_code: USD
  product_id: PY-STREAM-005
  unit_price: 59.99
  quantity: 1
  is_online: true
  customer_id: CUST-5333
  is_new_customer: false
  device_type: mobile
  payment_method: paypal
  referral_source: organic
  discount_code: 
  customer_note: Highly recommend
}
2026-05-21 21:12:47 | INFO | P02 |   Sending message with key=US-CA
2026-05-21 21:12:47 | INFO | P02 |   MESSAGE SENT  sent=4
2026-05-21 21:12:49 | INFO | P02 | {
  order_id: 24b91995-25f8-4ad7-8fa6-2e4c15750e5e
  datetime: 2026-05-04T08:41:00Z
  region_id: US-MO
  currency_code: USD
  product_id: PY-VIZ-003
  unit_price: 39.99
  quantity: 1
  is_online: true
  customer_id: CUST-8573
  is_new_customer: false
  device_type: mobile
  payment_method: apple_pay
  referral_source: paid_search
  discount_code: 
  customer_note: Learning at my own pace
}
2026-05-21 21:12:49 | INFO | P02 |   Sending message with key=US-MO
2026-05-21 21:12:49 | INFO | P02 |   MESSAGE SENT  sent=5
2026-05-21 21:12:51 | INFO | P02 | {
  order_id: 1ec0fc8b-998c-4f43-8a66-19e1fa7d5fa8
  datetime: 2026-05-04T08:54:00Z
  region_id: CA-ON
  currency_code: CAD
  product_id: PY-SQL-004
  unit_price: 44.99
  quantity: 1
  is_online: true
  customer_id: CUST-8062
  is_new_customer: false
  device_type: tablet
  payment_method: paypal
  referral_source: organic
  discount_code: 
  customer_note: 
}
2026-05-21 21:12:51 | INFO | P02 |   Sending message with key=CA-ON
2026-05-21 21:12:52 | INFO | P02 |   MESSAGE SENT  sent=6
2026-05-21 21:12:54 | INFO | P02 | ========================
2026-05-21 21:12:54 | INFO | P02 | SECTION E. Exit
2026-05-21 21:12:54 | INFO | P02 | ========================
2026-05-21 21:12:54 | INFO | P02 | Summary:
2026-05-21 21:12:54 | INFO | P02 | Sent 6 message(s) to topic 'product-sales-case'.
2026-05-21 21:12:54 | INFO | P02 | ========================
2026-05-21 21:12:54 | INFO | P02 | Producer executed successfully!
2026-05-21 21:12:54 | INFO | P02 | ========================
2026-05-21 21:13:18 | DEBUG | C02 | KAFKA_BROKER_ADDRESS_FAMILY = v6
2026-05-21 21:13:18 | INFO | C02 | === RUN START ===
2026-05-21 21:13:18 | INFO | C02 | project=C02
2026-05-21 21:13:18 | INFO | C02 | repo_dir=streaming-02-kafka
2026-05-21 21:13:18 | INFO | C02 | python=3.14.3
2026-05-21 21:13:18 | INFO | C02 | os=Windows 11
2026-05-21 21:13:18 | INFO | C02 | shell=powershell
2026-05-21 21:13:18 | INFO | C02 | cwd=.
2026-05-21 21:13:18 | INFO | C02 | github_actions=False
2026-05-21 21:13:18 | INFO | C02 | ========================
2026-05-21 21:13:18 | INFO | C02 | START consumer main()
2026-05-21 21:13:18 | INFO | C02 | ========================
2026-05-21 21:13:18 | INFO | C02 | ROOT_DIR = .
2026-05-21 21:13:18 | INFO | C02 | DATA_DIR = data
2026-05-21 21:13:18 | INFO | C02 | OUTPUT_CSV = data\output\consumed_sales_sowers.csv
2026-05-21 21:13:18 | INFO | C02 | ========================
2026-05-21 21:13:18 | INFO | C02 | SECTION A. Acquire
2026-05-21 21:13:18 | INFO | C02 | ========================
2026-05-21 21:13:18 | INFO | C02 | Loading settings from .env...
2026-05-21 21:13:18 | INFO | C02 | KAFKA_BOOTSTRAP_SERVERS  = localhost:9092
2026-05-21 21:13:18 | INFO | C02 | KAFKA_TOPIC              = product-sales-case
2026-05-21 21:13:18 | INFO | C02 | KAFKA_GROUP_ID           = streaming-consumer-group-A
2026-05-21 21:13:18 | INFO | C02 | CONSUMER_TIMEOUT_SECONDS = 10.0
2026-05-21 21:13:18 | INFO | C02 | CONSUMER_MAX_MESSAGES    = 1000
2026-05-21 21:13:18 | INFO | C02 | Verifying Kafka connection...
2026-05-21 21:13:18 | INFO | C02 | Kafka port is reachable.
2026-05-21 21:13:18 | INFO | C02 | Verifying Kafka topic...
2026-05-21 21:13:22 | INFO | C02 | Topic 'product-sales-case' exists.
2026-05-21 21:13:22 | INFO | C02 | Found 18 message(s) available.
2026-05-21 21:13:22 | INFO | C02 | Creating Kafka consumer...
2026-05-21 21:13:22 | INFO | C02 | Subscribed to topic: 'product-sales-case' (reading from beginning)
2026-05-21 21:13:22 | INFO | C02 | ========================
2026-05-21 21:13:22 | INFO | C02 | SECTION C. Consume and Process Messages
2026-05-21 21:13:22 | INFO | C02 | ========================
2026-05-21 21:13:22 | INFO | C02 | Initializing output...
2026-05-21 21:13:22 | INFO | C02 | Output CSV cleared: consumed_sales_sowers.csv
2026-05-21 21:13:22 | INFO | C02 | Consuming messages...
2026-05-21 21:13:22 | INFO | C02 | Waiting for up to 1000 message(s).
2026-05-21 21:13:22 | INFO | C02 | Press CTRL+C to stop early.

2026-05-21 21:13:25 | INFO | C02 | {'currency_code': 'USD', 'customer_id': 'CUST-4150', 'customer_note': 'Gift for my team', 'datetime': '2026-05-04T08:11:00Z', 'device_type': 'tablet', 'discount_code': '', 'is_new_customer': 'false', 'is_online': 'true', 'order_id': 'e7324981-a9f0-419f-b708-d0a333451fff', 'payment_method': 'paypal', 'product_id': 'PY-STREAM-005', 'quantity': '3', 'referral_source': 'paid_search', 'region_id': 'US-TX', 'unit_price': '59.99', '_kafka_key': 'US-TX', '_kafka_partition': 0, '_kafka_offset': 0}
2026-05-21 21:13:25 | INFO | C02 | Processing raw message.
2026-05-21 21:13:25 | INFO | C02 | MESSAGE CONSUMED
2026-05-21 21:13:25 | INFO | C02 | consumed=1
2026-05-21 21:13:25 | INFO | C02 | {'currency_code': 'USD', 'customer_id': 'CUST-1106', 'customer_note': 'Gift for my team', 'datetime': '2026-05-04T08:23:00Z', 'device_type': 'mobile', 'discount_code': '', 'is_new_customer': 'false', 'is_online': 'true', 'order_id': 'd61943e0-f543-4b5f-9c9a-18605ea4cfe5', 'payment_method': 'paypal', 'product_id': 'PY-DATA-002', 'quantity': '1', 'referral_source': 'paid_search', 'region_id': 'US-TX', 'unit_price': '49.99', '_kafka_key': 'US-TX', '_kafka_partition': 0, '_kafka_offset': 1}
2026-05-21 21:13:25 | INFO | C02 | Processing raw message.
2026-05-21 21:13:25 | INFO | C02 | MESSAGE CONSUMED
2026-05-21 21:13:25 | INFO | C02 | consumed=2
2026-05-21 21:13:25 | INFO | C02 | {'currency_code': 'CAD', 'customer_id': 'CUST-2133', 'customer_note': 'Learning at my own pace', 'datetime': '2026-05-04T08:28:00Z', 'device_type': 'desktop', 'discount_code': '', 'is_new_customer': 'false', 'is_online': 'true', 'order_id': '14da1915-8e74-47be-9e10-f7275d31af46', 'payment_method': 'paypal', 'product_id': 'PY-NLP-006', 'quantity': '1', 'referral_source': 'organic', 'region_id': 'CA-QC', 'unit_price': '54.99', '_kafka_key': 'CA-QC', '_kafka_partition': 0, '_kafka_offset': 2}
2026-05-21 21:13:25 | INFO | C02 | Processing raw message.
2026-05-21 21:13:25 | INFO | C02 | MESSAGE CONSUMED
2026-05-21 21:13:25 | INFO | C02 | consumed=3
2026-05-21 21:13:25 | INFO | C02 | {'currency_code': 'USD', 'customer_id': 'CUST-5333', 'customer_note': 'Highly recommend', 'datetime': '2026-05-04T08:40:00Z', 'device_type': 'mobile', 'discount_code': '', 'is_new_customer': 'false', 'is_online': 'true', 'order_id': 'd77ed935-9b28-431d-bc25-0a3fd98f4154', 'payment_method': 'paypal', 'product_id': 'PY-STREAM-005', 'quantity': '1', 'referral_source': 'organic', 'region_id': 'US-CA', 'unit_price': '59.99', '_kafka_key': 'US-CA', '_kafka_partition': 0, '_kafka_offset': 3}
2026-05-21 21:13:25 | INFO | C02 | Processing raw message.
2026-05-21 21:13:25 | INFO | C02 | MESSAGE CONSUMED
2026-05-21 21:13:25 | INFO | C02 | consumed=4
2026-05-21 21:13:25 | INFO | C02 | {'currency_code': 'USD', 'customer_id': 'CUST-8573', 'customer_note': 'Learning at my own pace', 'datetime': '2026-05-04T08:41:00Z', 'device_type': 'mobile', 'discount_code': '', 'is_new_customer': 'false', 'is_online': 'true', 'order_id': '24b91995-25f8-4ad7-8fa6-2e4c15750e5e', 'payment_method': 'apple_pay', 'product_id': 'PY-VIZ-003', 'quantity': '1', 'referral_source': 'paid_search', 'region_id': 'US-MO', 'unit_price': '39.99', '_kafka_key': 'US-MO', '_kafka_partition': 0, '_kafka_offset': 4}
2026-05-21 21:13:25 | INFO | C02 | Processing raw message.
2026-05-21 21:13:25 | INFO | C02 | MESSAGE CONSUMED
2026-05-21 21:13:25 | INFO | C02 | consumed=5
2026-05-21 21:13:25 | INFO | C02 | {'currency_code': 'CAD', 'customer_id': 'CUST-8062', 'customer_note': '', 'datetime': '2026-05-04T08:54:00Z', 'device_type': 'tablet', 'discount_code': '', 'is_new_customer': 'false', 'is_online': 'true', 'order_id': '1ec0fc8b-998c-4f43-8a66-19e1fa7d5fa8', 'payment_method': 'paypal', 'product_id': 'PY-SQL-004', 'quantity': '1', 'referral_source': 'organic', 'region_id': 'CA-ON', 'unit_price': '44.99', '_kafka_key': 'CA-ON', '_kafka_partition': 0, '_kafka_offset': 5}
2026-05-21 21:13:25 | INFO | C02 | Processing raw message.
2026-05-21 21:13:25 | INFO | C02 | MESSAGE CONSUMED
2026-05-21 21:13:25 | INFO | C02 | consumed=6
2026-05-21 21:13:25 | INFO | C02 | {'currency_code': 'USD', 'customer_id': 'CUST-4150', 'customer_note': 'Gift for my team', 'datetime': '2026-05-04T08:11:00Z', 'device_type': 'tablet', 'discount_code': '', 'is_new_customer': 'false', 'is_online': 'true', 'order_id': 'e7324981-a9f0-419f-b708-d0a333451fff', 'payment_method': 'paypal', 'product_id': 'PY-STREAM-005', 'quantity': '3', 'referral_source': 'paid_search', 'region_id': 'US-TX', 'unit_price': '59.99', '_kafka_key': 'US-TX', '_kafka_partition': 0, '_kafka_offset': 6}
2026-05-21 21:13:25 | INFO | C02 | Processing raw message.
2026-05-21 21:13:25 | INFO | C02 | MESSAGE CONSUMED
2026-05-21 21:13:25 | INFO | C02 | consumed=7
2026-05-21 21:13:25 | INFO | C02 | {'currency_code': 'USD', 'customer_id': 'CUST-1106', 'customer_note': 'Gift for my team', 'datetime': '2026-05-04T08:23:00Z', 'device_type': 'mobile', 'discount_code': '', 'is_new_customer': 'false', 'is_online': 'true', 'order_id': 'd61943e0-f543-4b5f-9c9a-18605ea4cfe5', 'payment_method': 'paypal', 'product_id': 'PY-DATA-002', 'quantity': '1', 'referral_source': 'paid_search', 'region_id': 'US-TX', 'unit_price': '49.99', '_kafka_key': 'US-TX', '_kafka_partition': 0, '_kafka_offset': 7}
2026-05-21 21:13:25 | INFO | C02 | Processing raw message.
2026-05-21 21:13:25 | INFO | C02 | MESSAGE CONSUMED
2026-05-21 21:13:25 | INFO | C02 | consumed=8
2026-05-21 21:13:25 | INFO | C02 | {'currency_code': 'CAD', 'customer_id': 'CUST-2133', 'customer_note': 'Learning at my own pace', 'datetime': '2026-05-04T08:28:00Z', 'device_type': 'desktop', 'discount_code': '', 'is_new_customer': 'false', 'is_online': 'true', 'order_id': '14da1915-8e74-47be-9e10-f7275d31af46', 'payment_method': 'paypal', 'product_id': 'PY-NLP-006', 'quantity': '1', 'referral_source': 'organic', 'region_id': 'CA-QC', 'unit_price': '54.99', '_kafka_key': 'CA-QC', '_kafka_partition': 0, '_kafka_offset': 8}
2026-05-21 21:13:25 | INFO | C02 | Processing raw message.
2026-05-21 21:13:25 | INFO | C02 | MESSAGE CONSUMED
2026-05-21 21:13:25 | INFO | C02 | consumed=9
2026-05-21 21:13:25 | INFO | C02 | {'currency_code': 'USD', 'customer_id': 'CUST-5333', 'customer_note': 'Highly recommend', 'datetime': '2026-05-04T08:40:00Z', 'device_type': 'mobile', 'discount_code': '', 'is_new_customer': 'false', 'is_online': 'true', 'order_id': 'd77ed935-9b28-431d-bc25-0a3fd98f4154', 'payment_method': 'paypal', 'product_id': 'PY-STREAM-005', 'quantity': '1', 'referral_source': 'organic', 'region_id': 'US-CA', 'unit_price': '59.99', '_kafka_key': 'US-CA', '_kafka_partition': 0, '_kafka_offset': 9}
2026-05-21 21:13:25 | INFO | C02 | Processing raw message.
2026-05-21 21:13:25 | INFO | C02 | MESSAGE CONSUMED
2026-05-21 21:13:25 | INFO | C02 | consumed=10
2026-05-21 21:13:25 | INFO | C02 | {'currency_code': 'USD', 'customer_id': 'CUST-8573', 'customer_note': 'Learning at my own pace', 'datetime': '2026-05-04T08:41:00Z', 'device_type': 'mobile', 'discount_code': '', 'is_new_customer': 'false', 'is_online': 'true', 'order_id': '24b91995-25f8-4ad7-8fa6-2e4c15750e5e', 'payment_method': 'apple_pay', 'product_id': 'PY-VIZ-003', 'quantity': '1', 'referral_source': 'paid_search', 'region_id': 'US-MO', 'unit_price': '39.99', '_kafka_key': 'US-MO', '_kafka_partition': 0, '_kafka_offset': 10}
2026-05-21 21:13:25 | INFO | C02 | Processing raw message.
2026-05-21 21:13:25 | INFO | C02 | MESSAGE CONSUMED
2026-05-21 21:13:25 | INFO | C02 | consumed=11
2026-05-21 21:13:25 | INFO | C02 | {'currency_code': 'CAD', 'customer_id': 'CUST-8062', 'customer_note': '', 'datetime': '2026-05-04T08:54:00Z', 'device_type': 'tablet', 'discount_code': '', 'is_new_customer': 'false', 'is_online': 'true', 'order_id': '1ec0fc8b-998c-4f43-8a66-19e1fa7d5fa8', 'payment_method': 'paypal', 'product_id': 'PY-SQL-004', 'quantity': '1', 'referral_source': 'organic', 'region_id': 'CA-ON', 'unit_price': '44.99', '_kafka_key': 'CA-ON', '_kafka_partition': 0, '_kafka_offset': 11}
2026-05-21 21:13:25 | INFO | C02 | Processing raw message.
2026-05-21 21:13:25 | INFO | C02 | MESSAGE CONSUMED
2026-05-21 21:13:25 | INFO | C02 | consumed=12
2026-05-21 21:13:25 | INFO | C02 | {'currency_code': 'USD', 'customer_id': 'CUST-4150', 'customer_note': 'Gift for my team', 'datetime': '2026-05-04T08:11:00Z', 'device_type': 'tablet', 'discount_code': '', 'is_new_customer': 'false', 'is_online': 'true', 'order_id': 'e7324981-a9f0-419f-b708-d0a333451fff', 'payment_method': 'paypal', 'product_id': 'PY-STREAM-005', 'quantity': '3', 'referral_source': 'paid_search', 'region_id': 'US-TX', 'unit_price': '59.99', '_kafka_key': 'US-TX', '_kafka_partition': 0, '_kafka_offset': 12}
2026-05-21 21:13:25 | INFO | C02 | Processing raw message.
2026-05-21 21:13:25 | INFO | C02 | MESSAGE CONSUMED
2026-05-21 21:13:25 | INFO | C02 | consumed=13
2026-05-21 21:13:25 | INFO | C02 | {'currency_code': 'USD', 'customer_id': 'CUST-1106', 'customer_note': 'Gift for my team', 'datetime': '2026-05-04T08:23:00Z', 'device_type': 'mobile', 'discount_code': '', 'is_new_customer': 'false', 'is_online': 'true', 'order_id': 'd61943e0-f543-4b5f-9c9a-18605ea4cfe5', 'payment_method': 'paypal', 'product_id': 'PY-DATA-002', 'quantity': '1', 'referral_source': 'paid_search', 'region_id': 'US-TX', 'unit_price': '49.99', '_kafka_key': 'US-TX', '_kafka_partition': 0, '_kafka_offset': 13}
2026-05-21 21:13:25 | INFO | C02 | Processing raw message.
2026-05-21 21:13:25 | INFO | C02 | MESSAGE CONSUMED
2026-05-21 21:13:25 | INFO | C02 | consumed=14
2026-05-21 21:13:25 | INFO | C02 | {'currency_code': 'CAD', 'customer_id': 'CUST-2133', 'customer_note': 'Learning at my own pace', 'datetime': '2026-05-04T08:28:00Z', 'device_type': 'desktop', 'discount_code': '', 'is_new_customer': 'false', 'is_online': 'true', 'order_id': '14da1915-8e74-47be-9e10-f7275d31af46', 'payment_method': 'paypal', 'product_id': 'PY-NLP-006', 'quantity': '1', 'referral_source': 'organic', 'region_id': 'CA-QC', 'unit_price': '54.99', '_kafka_key': 'CA-QC', '_kafka_partition': 0, '_kafka_offset': 14}
2026-05-21 21:13:25 | INFO | C02 | Processing raw message.
2026-05-21 21:13:25 | INFO | C02 | MESSAGE CONSUMED
2026-05-21 21:13:25 | INFO | C02 | consumed=15
2026-05-21 21:13:25 | INFO | C02 | {'currency_code': 'USD', 'customer_id': 'CUST-5333', 'customer_note': 'Highly recommend', 'datetime': '2026-05-04T08:40:00Z', 'device_type': 'mobile', 'discount_code': '', 'is_new_customer': 'false', 'is_online': 'true', 'order_id': 'd77ed935-9b28-431d-bc25-0a3fd98f4154', 'payment_method': 'paypal', 'product_id': 'PY-STREAM-005', 'quantity': '1', 'referral_source': 'organic', 'region_id': 'US-CA', 'unit_price': '59.99', '_kafka_key': 'US-CA', '_kafka_partition': 0, '_kafka_offset': 15}
2026-05-21 21:13:25 | INFO | C02 | Processing raw message.
2026-05-21 21:13:25 | INFO | C02 | MESSAGE CONSUMED
2026-05-21 21:13:25 | INFO | C02 | consumed=16
2026-05-21 21:13:25 | INFO | C02 | {'currency_code': 'USD', 'customer_id': 'CUST-8573', 'customer_note': 'Learning at my own pace', 'datetime': '2026-05-04T08:41:00Z', 'device_type': 'mobile', 'discount_code': '', 'is_new_customer': 'false', 'is_online': 'true', 'order_id': '24b91995-25f8-4ad7-8fa6-2e4c15750e5e', 'payment_method': 'apple_pay', 'product_id': 'PY-VIZ-003', 'quantity': '1', 'referral_source': 'paid_search', 'region_id': 'US-MO', 'unit_price': '39.99', '_kafka_key': 'US-MO', '_kafka_partition': 0, '_kafka_offset': 16}
2026-05-21 21:13:25 | INFO | C02 | Processing raw message.
2026-05-21 21:13:25 | INFO | C02 | MESSAGE CONSUMED
2026-05-21 21:13:25 | INFO | C02 | consumed=17
2026-05-21 21:13:25 | INFO | C02 | {'currency_code': 'CAD', 'customer_id': 'CUST-8062', 'customer_note': '', 'datetime': '2026-05-04T08:54:00Z', 'device_type': 'tablet', 'discount_code': '', 'is_new_customer': 'false', 'is_online': 'true', 'order_id': '1ec0fc8b-998c-4f43-8a66-19e1fa7d5fa8', 'payment_method': 'paypal', 'product_id': 'PY-SQL-004', 'quantity': '1', 'referral_source': 'organic', 'region_id': 'CA-ON', 'unit_price': '44.99', '_kafka_key': 'CA-ON', '_kafka_partition': 0, '_kafka_offset': 17}
2026-05-21 21:13:25 | INFO | C02 | Processing raw message.
2026-05-21 21:13:25 | INFO | C02 | MESSAGE CONSUMED
2026-05-21 21:13:25 | INFO | C02 | consumed=18
2026-05-21 21:13:35 | INFO | C02 | No message received within 10.0s timeout.
2026-05-21 21:13:35 | INFO | C02 | Producer finished or paused. Stopping consumer.
2026-05-21 21:13:35 | INFO | C02 | Kafka consumer closed.
2026-05-21 21:13:35 | INFO | C02 | ========================
2026-05-21 21:13:35 | INFO | C02 | SECTION E. Exit
2026-05-21 21:13:35 | INFO | C02 | ========================
2026-05-21 21:13:35 | INFO | C02 | Summary:
2026-05-21 21:13:35 | INFO | C02 | Consumed 18 message(s) from topic 'product-sales-case'.
2026-05-21 21:13:35 | INFO | C02 | OUTPUT_CSV = data\output\consumed_sales_sowers.csv
2026-05-21 21:13:35 | INFO | C02 | ========================
2026-05-21 21:13:35 | INFO | C02 | Consumer executed successfully!
2026-05-21 21:13:35 | INFO | C02 | ========================
2026-05-21 21:21:13 | DEBUG | C02 | KAFKA_BROKER_ADDRESS_FAMILY = v6
2026-05-21 21:21:13 | INFO | C02 | === RUN START ===
2026-05-21 21:21:13 | INFO | C02 | project=C02
2026-05-21 21:21:13 | INFO | C02 | repo_dir=streaming-02-kafka
2026-05-21 21:21:13 | INFO | C02 | python=3.14.3
2026-05-21 21:21:13 | INFO | C02 | os=Windows 11
2026-05-21 21:21:13 | INFO | C02 | shell=powershell
2026-05-21 21:21:13 | INFO | C02 | cwd=.
2026-05-21 21:21:13 | INFO | C02 | github_actions=False
2026-05-21 21:21:13 | INFO | C02 | ========================
2026-05-21 21:21:13 | INFO | C02 | START consumer main()
2026-05-21 21:21:13 | INFO | C02 | ========================
2026-05-21 21:21:13 | INFO | C02 | ROOT_DIR = .
2026-05-21 21:21:13 | INFO | C02 | DATA_DIR = data
2026-05-21 21:21:13 | INFO | C02 | OUTPUT_CSV = data\output\consumed_sales_sowers.csv
2026-05-21 21:21:13 | INFO | C02 | ========================
2026-05-21 21:21:13 | INFO | C02 | SECTION A. Acquire
2026-05-21 21:21:13 | INFO | C02 | ========================
2026-05-21 21:21:13 | INFO | C02 | Loading settings from .env...
2026-05-21 21:21:13 | INFO | C02 | KAFKA_BOOTSTRAP_SERVERS  = localhost:9092
2026-05-21 21:21:13 | INFO | C02 | KAFKA_TOPIC              = product-sales-case
2026-05-21 21:21:13 | INFO | C02 | KAFKA_GROUP_ID           = streaming-consumer-group-A
2026-05-21 21:21:13 | INFO | C02 | CONSUMER_TIMEOUT_SECONDS = 10.0
2026-05-21 21:21:13 | INFO | C02 | CONSUMER_MAX_MESSAGES    = 1000
2026-05-21 21:21:13 | INFO | C02 | Verifying Kafka connection...
2026-05-21 21:21:13 | INFO | C02 | Kafka port is reachable.
2026-05-21 21:21:13 | INFO | C02 | Verifying Kafka topic...
2026-05-21 21:21:15 | INFO | C02 | Topic 'product-sales-case' exists.
2026-05-21 21:21:15 | INFO | C02 | Found 18 message(s) available.
2026-05-21 21:21:15 | INFO | C02 | Creating Kafka consumer...
2026-05-21 21:21:15 | INFO | C02 | Subscribed to topic: 'product-sales-case' (reading from beginning)
2026-05-21 21:21:15 | INFO | C02 | ========================
2026-05-21 21:21:15 | INFO | C02 | SECTION C. Consume and Process Messages
2026-05-21 21:21:15 | INFO | C02 | ========================
2026-05-21 21:21:15 | INFO | C02 | Initializing output...
2026-05-21 21:21:15 | INFO | C02 | Output CSV cleared: consumed_sales_sowers.csv
2026-05-21 21:21:15 | INFO | C02 | Consuming messages...
2026-05-21 21:21:15 | INFO | C02 | Waiting for up to 1000 message(s).
2026-05-21 21:21:15 | INFO | C02 | Press CTRL+C to stop early.

2026-05-21 21:21:18 | INFO | C02 | {'currency_code': 'USD', 'customer_id': 'CUST-4150', 'customer_note': 'Gift for my team', 'datetime': '2026-05-04T08:11:00Z', 'device_type': 'tablet', 'discount_code': '', 'is_new_customer': 'false', 'is_online': 'true', 'order_id': 'e7324981-a9f0-419f-b708-d0a333451fff', 'payment_method': 'paypal', 'product_id': 'PY-STREAM-005', 'quantity': '3', 'referral_source': 'paid_search', 'region_id': 'US-TX', 'unit_price': '59.99', '_kafka_key': 'US-TX', '_kafka_partition': 0, '_kafka_offset': 0}
2026-05-21 21:21:18 | INFO | C02 | Processing raw message.
2026-05-21 21:21:18 | INFO | C02 | MESSAGE CONSUMED
2026-05-21 21:21:18 | INFO | C02 | consumed=1
2026-05-21 21:21:18 | INFO | C02 | {'currency_code': 'USD', 'customer_id': 'CUST-1106', 'customer_note': 'Gift for my team', 'datetime': '2026-05-04T08:23:00Z', 'device_type': 'mobile', 'discount_code': '', 'is_new_customer': 'false', 'is_online': 'true', 'order_id': 'd61943e0-f543-4b5f-9c9a-18605ea4cfe5', 'payment_method': 'paypal', 'product_id': 'PY-DATA-002', 'quantity': '1', 'referral_source': 'paid_search', 'region_id': 'US-TX', 'unit_price': '49.99', '_kafka_key': 'US-TX', '_kafka_partition': 0, '_kafka_offset': 1}
2026-05-21 21:21:18 | INFO | C02 | Processing raw message.
2026-05-21 21:21:18 | INFO | C02 | MESSAGE CONSUMED
2026-05-21 21:21:18 | INFO | C02 | consumed=2
2026-05-21 21:21:18 | INFO | C02 | {'currency_code': 'CAD', 'customer_id': 'CUST-2133', 'customer_note': 'Learning at my own pace', 'datetime': '2026-05-04T08:28:00Z', 'device_type': 'desktop', 'discount_code': '', 'is_new_customer': 'false', 'is_online': 'true', 'order_id': '14da1915-8e74-47be-9e10-f7275d31af46', 'payment_method': 'paypal', 'product_id': 'PY-NLP-006', 'quantity': '1', 'referral_source': 'organic', 'region_id': 'CA-QC', 'unit_price': '54.99', '_kafka_key': 'CA-QC', '_kafka_partition': 0, '_kafka_offset': 2}
2026-05-21 21:21:18 | INFO | C02 | Processing raw message.
2026-05-21 21:21:18 | INFO | C02 | MESSAGE CONSUMED
2026-05-21 21:21:18 | INFO | C02 | consumed=3
2026-05-21 21:21:18 | INFO | C02 | {'currency_code': 'USD', 'customer_id': 'CUST-5333', 'customer_note': 'Highly recommend', 'datetime': '2026-05-04T08:40:00Z', 'device_type': 'mobile', 'discount_code': '', 'is_new_customer': 'false', 'is_online': 'true', 'order_id': 'd77ed935-9b28-431d-bc25-0a3fd98f4154', 'payment_method': 'paypal', 'product_id': 'PY-STREAM-005', 'quantity': '1', 'referral_source': 'organic', 'region_id': 'US-CA', 'unit_price': '59.99', '_kafka_key': 'US-CA', '_kafka_partition': 0, '_kafka_offset': 3}
2026-05-21 21:21:18 | INFO | C02 | Processing raw message.
2026-05-21 21:21:18 | INFO | C02 | MESSAGE CONSUMED
2026-05-21 21:21:18 | INFO | C02 | consumed=4
2026-05-21 21:21:18 | INFO | C02 | {'currency_code': 'USD', 'customer_id': 'CUST-8573', 'customer_note': 'Learning at my own pace', 'datetime': '2026-05-04T08:41:00Z', 'device_type': 'mobile', 'discount_code': '', 'is_new_customer': 'false', 'is_online': 'true', 'order_id': '24b91995-25f8-4ad7-8fa6-2e4c15750e5e', 'payment_method': 'apple_pay', 'product_id': 'PY-VIZ-003', 'quantity': '1', 'referral_source': 'paid_search', 'region_id': 'US-MO', 'unit_price': '39.99', '_kafka_key': 'US-MO', '_kafka_partition': 0, '_kafka_offset': 4}
2026-05-21 21:21:18 | INFO | C02 | Processing raw message.
2026-05-21 21:21:18 | INFO | C02 | MESSAGE CONSUMED
2026-05-21 21:21:18 | INFO | C02 | consumed=5
2026-05-21 21:21:18 | INFO | C02 | {'currency_code': 'CAD', 'customer_id': 'CUST-8062', 'customer_note': '', 'datetime': '2026-05-04T08:54:00Z', 'device_type': 'tablet', 'discount_code': '', 'is_new_customer': 'false', 'is_online': 'true', 'order_id': '1ec0fc8b-998c-4f43-8a66-19e1fa7d5fa8', 'payment_method': 'paypal', 'product_id': 'PY-SQL-004', 'quantity': '1', 'referral_source': 'organic', 'region_id': 'CA-ON', 'unit_price': '44.99', '_kafka_key': 'CA-ON', '_kafka_partition': 0, '_kafka_offset': 5}
2026-05-21 21:21:18 | INFO | C02 | Processing raw message.
2026-05-21 21:21:18 | INFO | C02 | MESSAGE CONSUMED
2026-05-21 21:21:18 | INFO | C02 | consumed=6
2026-05-21 21:21:18 | INFO | C02 | {'currency_code': 'USD', 'customer_id': 'CUST-4150', 'customer_note': 'Gift for my team', 'datetime': '2026-05-04T08:11:00Z', 'device_type': 'tablet', 'discount_code': '', 'is_new_customer': 'false', 'is_online': 'true', 'order_id': 'e7324981-a9f0-419f-b708-d0a333451fff', 'payment_method': 'paypal', 'product_id': 'PY-STREAM-005', 'quantity': '3', 'referral_source': 'paid_search', 'region_id': 'US-TX', 'unit_price': '59.99', '_kafka_key': 'US-TX', '_kafka_partition': 0, '_kafka_offset': 6}
2026-05-21 21:21:18 | INFO | C02 | Processing raw message.
2026-05-21 21:21:18 | INFO | C02 | MESSAGE CONSUMED
2026-05-21 21:21:18 | INFO | C02 | consumed=7
2026-05-21 21:21:18 | INFO | C02 | {'currency_code': 'USD', 'customer_id': 'CUST-1106', 'customer_note': 'Gift for my team', 'datetime': '2026-05-04T08:23:00Z', 'device_type': 'mobile', 'discount_code': '', 'is_new_customer': 'false', 'is_online': 'true', 'order_id': 'd61943e0-f543-4b5f-9c9a-18605ea4cfe5', 'payment_method': 'paypal', 'product_id': 'PY-DATA-002', 'quantity': '1', 'referral_source': 'paid_search', 'region_id': 'US-TX', 'unit_price': '49.99', '_kafka_key': 'US-TX', '_kafka_partition': 0, '_kafka_offset': 7}
2026-05-21 21:21:18 | INFO | C02 | Processing raw message.
2026-05-21 21:21:18 | INFO | C02 | MESSAGE CONSUMED
2026-05-21 21:21:18 | INFO | C02 | consumed=8
2026-05-21 21:21:18 | INFO | C02 | {'currency_code': 'CAD', 'customer_id': 'CUST-2133', 'customer_note': 'Learning at my own pace', 'datetime': '2026-05-04T08:28:00Z', 'device_type': 'desktop', 'discount_code': '', 'is_new_customer': 'false', 'is_online': 'true', 'order_id': '14da1915-8e74-47be-9e10-f7275d31af46', 'payment_method': 'paypal', 'product_id': 'PY-NLP-006', 'quantity': '1', 'referral_source': 'organic', 'region_id': 'CA-QC', 'unit_price': '54.99', '_kafka_key': 'CA-QC', '_kafka_partition': 0, '_kafka_offset': 8}
2026-05-21 21:21:18 | INFO | C02 | Processing raw message.
2026-05-21 21:21:18 | INFO | C02 | MESSAGE CONSUMED
2026-05-21 21:21:18 | INFO | C02 | consumed=9
2026-05-21 21:21:18 | INFO | C02 | {'currency_code': 'USD', 'customer_id': 'CUST-5333', 'customer_note': 'Highly recommend', 'datetime': '2026-05-04T08:40:00Z', 'device_type': 'mobile', 'discount_code': '', 'is_new_customer': 'false', 'is_online': 'true', 'order_id': 'd77ed935-9b28-431d-bc25-0a3fd98f4154', 'payment_method': 'paypal', 'product_id': 'PY-STREAM-005', 'quantity': '1', 'referral_source': 'organic', 'region_id': 'US-CA', 'unit_price': '59.99', '_kafka_key': 'US-CA', '_kafka_partition': 0, '_kafka_offset': 9}
2026-05-21 21:21:18 | INFO | C02 | Processing raw message.
2026-05-21 21:21:18 | INFO | C02 | MESSAGE CONSUMED
2026-05-21 21:21:18 | INFO | C02 | consumed=10
2026-05-21 21:21:18 | INFO | C02 | {'currency_code': 'USD', 'customer_id': 'CUST-8573', 'customer_note': 'Learning at my own pace', 'datetime': '2026-05-04T08:41:00Z', 'device_type': 'mobile', 'discount_code': '', 'is_new_customer': 'false', 'is_online': 'true', 'order_id': '24b91995-25f8-4ad7-8fa6-2e4c15750e5e', 'payment_method': 'apple_pay', 'product_id': 'PY-VIZ-003', 'quantity': '1', 'referral_source': 'paid_search', 'region_id': 'US-MO', 'unit_price': '39.99', '_kafka_key': 'US-MO', '_kafka_partition': 0, '_kafka_offset': 10}
2026-05-21 21:21:18 | INFO | C02 | Processing raw message.
2026-05-21 21:21:18 | INFO | C02 | MESSAGE CONSUMED
2026-05-21 21:21:18 | INFO | C02 | consumed=11
2026-05-21 21:21:18 | INFO | C02 | {'currency_code': 'CAD', 'customer_id': 'CUST-8062', 'customer_note': '', 'datetime': '2026-05-04T08:54:00Z', 'device_type': 'tablet', 'discount_code': '', 'is_new_customer': 'false', 'is_online': 'true', 'order_id': '1ec0fc8b-998c-4f43-8a66-19e1fa7d5fa8', 'payment_method': 'paypal', 'product_id': 'PY-SQL-004', 'quantity': '1', 'referral_source': 'organic', 'region_id': 'CA-ON', 'unit_price': '44.99', '_kafka_key': 'CA-ON', '_kafka_partition': 0, '_kafka_offset': 11}
2026-05-21 21:21:18 | INFO | C02 | Processing raw message.
2026-05-21 21:21:18 | INFO | C02 | MESSAGE CONSUMED
2026-05-21 21:21:18 | INFO | C02 | consumed=12
2026-05-21 21:21:18 | INFO | C02 | {'currency_code': 'USD', 'customer_id': 'CUST-4150', 'customer_note': 'Gift for my team', 'datetime': '2026-05-04T08:11:00Z', 'device_type': 'tablet', 'discount_code': '', 'is_new_customer': 'false', 'is_online': 'true', 'order_id': 'e7324981-a9f0-419f-b708-d0a333451fff', 'payment_method': 'paypal', 'product_id': 'PY-STREAM-005', 'quantity': '3', 'referral_source': 'paid_search', 'region_id': 'US-TX', 'unit_price': '59.99', '_kafka_key': 'US-TX', '_kafka_partition': 0, '_kafka_offset': 12}
2026-05-21 21:21:18 | INFO | C02 | Processing raw message.
2026-05-21 21:21:18 | INFO | C02 | MESSAGE CONSUMED
2026-05-21 21:21:18 | INFO | C02 | consumed=13
2026-05-21 21:21:18 | INFO | C02 | {'currency_code': 'USD', 'customer_id': 'CUST-1106', 'customer_note': 'Gift for my team', 'datetime': '2026-05-04T08:23:00Z', 'device_type': 'mobile', 'discount_code': '', 'is_new_customer': 'false', 'is_online': 'true', 'order_id': 'd61943e0-f543-4b5f-9c9a-18605ea4cfe5', 'payment_method': 'paypal', 'product_id': 'PY-DATA-002', 'quantity': '1', 'referral_source': 'paid_search', 'region_id': 'US-TX', 'unit_price': '49.99', '_kafka_key': 'US-TX', '_kafka_partition': 0, '_kafka_offset': 13}
2026-05-21 21:21:18 | INFO | C02 | Processing raw message.
2026-05-21 21:21:18 | INFO | C02 | MESSAGE CONSUMED
2026-05-21 21:21:18 | INFO | C02 | consumed=14
2026-05-21 21:21:18 | INFO | C02 | {'currency_code': 'CAD', 'customer_id': 'CUST-2133', 'customer_note': 'Learning at my own pace', 'datetime': '2026-05-04T08:28:00Z', 'device_type': 'desktop', 'discount_code': '', 'is_new_customer': 'false', 'is_online': 'true', 'order_id': '14da1915-8e74-47be-9e10-f7275d31af46', 'payment_method': 'paypal', 'product_id': 'PY-NLP-006', 'quantity': '1', 'referral_source': 'organic', 'region_id': 'CA-QC', 'unit_price': '54.99', '_kafka_key': 'CA-QC', '_kafka_partition': 0, '_kafka_offset': 14}
2026-05-21 21:21:18 | INFO | C02 | Processing raw message.
2026-05-21 21:21:18 | INFO | C02 | MESSAGE CONSUMED
2026-05-21 21:21:18 | INFO | C02 | consumed=15
2026-05-21 21:21:18 | INFO | C02 | {'currency_code': 'USD', 'customer_id': 'CUST-5333', 'customer_note': 'Highly recommend', 'datetime': '2026-05-04T08:40:00Z', 'device_type': 'mobile', 'discount_code': '', 'is_new_customer': 'false', 'is_online': 'true', 'order_id': 'd77ed935-9b28-431d-bc25-0a3fd98f4154', 'payment_method': 'paypal', 'product_id': 'PY-STREAM-005', 'quantity': '1', 'referral_source': 'organic', 'region_id': 'US-CA', 'unit_price': '59.99', '_kafka_key': 'US-CA', '_kafka_partition': 0, '_kafka_offset': 15}
2026-05-21 21:21:18 | INFO | C02 | Processing raw message.
2026-05-21 21:21:18 | INFO | C02 | MESSAGE CONSUMED
2026-05-21 21:21:18 | INFO | C02 | consumed=16
2026-05-21 21:21:18 | INFO | C02 | {'currency_code': 'USD', 'customer_id': 'CUST-8573', 'customer_note': 'Learning at my own pace', 'datetime': '2026-05-04T08:41:00Z', 'device_type': 'mobile', 'discount_code': '', 'is_new_customer': 'false', 'is_online': 'true', 'order_id': '24b91995-25f8-4ad7-8fa6-2e4c15750e5e', 'payment_method': 'apple_pay', 'product_id': 'PY-VIZ-003', 'quantity': '1', 'referral_source': 'paid_search', 'region_id': 'US-MO', 'unit_price': '39.99', '_kafka_key': 'US-MO', '_kafka_partition': 0, '_kafka_offset': 16}
2026-05-21 21:21:18 | INFO | C02 | Processing raw message.
2026-05-21 21:21:18 | INFO | C02 | MESSAGE CONSUMED
2026-05-21 21:21:18 | INFO | C02 | consumed=17
2026-05-21 21:21:18 | INFO | C02 | {'currency_code': 'CAD', 'customer_id': 'CUST-8062', 'customer_note': '', 'datetime': '2026-05-04T08:54:00Z', 'device_type': 'tablet', 'discount_code': '', 'is_new_customer': 'false', 'is_online': 'true', 'order_id': '1ec0fc8b-998c-4f43-8a66-19e1fa7d5fa8', 'payment_method': 'paypal', 'product_id': 'PY-SQL-004', 'quantity': '1', 'referral_source': 'organic', 'region_id': 'CA-ON', 'unit_price': '44.99', '_kafka_key': 'CA-ON', '_kafka_partition': 0, '_kafka_offset': 17}
2026-05-21 21:21:18 | INFO | C02 | Processing raw message.
2026-05-21 21:21:18 | INFO | C02 | MESSAGE CONSUMED
2026-05-21 21:21:18 | INFO | C02 | consumed=18
2026-05-21 21:21:29 | INFO | C02 | No message received within 10.0s timeout.
2026-05-21 21:21:29 | INFO | C02 | Producer finished or paused. Stopping consumer.
2026-05-21 21:21:29 | INFO | C02 | Kafka consumer closed.
2026-05-21 21:21:29 | INFO | C02 | ========================
2026-05-21 21:21:29 | INFO | C02 | SECTION E. Exit
2026-05-21 21:21:29 | INFO | C02 | ========================
2026-05-21 21:21:29 | INFO | C02 | Summary:
2026-05-21 21:21:29 | INFO | C02 | Consumed 18 message(s) from topic 'product-sales-case'.
2026-05-21 21:21:29 | INFO | C02 | OUTPUT_CSV = data\output\consumed_sales_sowers.csv
2026-05-21 21:21:29 | INFO | C02 | ========================
2026-05-21 21:21:29 | INFO | C02 | Consumer executed successfully!
2026-05-21 21:21:29 | INFO | C02 | ========================
2026-05-21 21:21:34 | DEBUG | P02 | KAFKA_BROKER_ADDRESS_FAMILY = v6
2026-05-21 21:21:34 | INFO | P02 | === RUN START ===
2026-05-21 21:21:34 | INFO | P02 | project=P02
2026-05-21 21:21:34 | INFO | P02 | repo_dir=streaming-02-kafka
2026-05-21 21:21:34 | INFO | P02 | python=3.14.3
2026-05-21 21:21:35 | INFO | P02 | os=Windows 11
2026-05-21 21:21:35 | INFO | P02 | shell=powershell
2026-05-21 21:21:35 | INFO | P02 | cwd=.
2026-05-21 21:21:35 | INFO | P02 | github_actions=False
2026-05-21 21:21:35 | INFO | P02 | ========================
2026-05-21 21:21:35 | INFO | P02 | START producer main()
2026-05-21 21:21:35 | INFO | P02 | ========================
2026-05-21 21:21:35 | INFO | P02 | ROOT_DIR = .
2026-05-21 21:21:35 | INFO | P02 | DATA_DIR = data
2026-05-21 21:21:35 | INFO | P02 | SALES_CSV = data\sales_sowers.csv
2026-05-21 21:21:35 | INFO | P02 | ========================
2026-05-21 21:21:35 | INFO | P02 | SECTION A. Acquire
2026-05-21 21:21:35 | INFO | P02 | ========================
2026-05-21 21:21:35 | INFO | P02 | Loading settings from .env...
2026-05-21 21:21:35 | INFO | P02 | KAFKA_BOOTSTRAP_SERVERS           = localhost:9092
2026-05-21 21:21:35 | INFO | P02 | KAFKA_TOPIC                       = product-sales-case
2026-05-21 21:21:35 | INFO | P02 | PRODUCER_MESSAGE_COUNT            = 6
2026-05-21 21:21:35 | INFO | P02 | PRODUCER_MESSAGE_INTERVAL_SECONDS = 2.0
2026-05-21 21:21:35 | INFO | P02 | KAFKA_CLEAR_TOPIC_ON_START        = False
2026-05-21 21:21:35 | INFO | P02 | Verifying Kafka connection...
2026-05-21 21:21:35 | INFO | P02 | Kafka port is reachable.
2026-05-21 21:21:43 | INFO | P02 | ========================
2026-05-21 21:21:43 | INFO | P02 | SECTION P. Produce Messages
2026-05-21 21:21:43 | INFO | P02 | ========================
2026-05-21 21:21:43 | INFO | P02 | Sending messages...
2026-05-21 21:21:43 | INFO | P02 | Sending up to 6 message(s) to topic 'product-sales-case'.
2026-05-21 21:21:43 | INFO | P02 | Watch each sale arrive. Press CTRL+C to stop early.

2026-05-21 21:21:43 | INFO | P02 | {
  order_id: e7324981-a9f0-419f-b708-d0a333451fff
  datetime: 2026-05-04T08:11:00Z
  region_id: US-TX
  currency_code: USD
  product_id: PY-STREAM-005
  unit_price: 59.99
  quantity: 3
  is_online: true
  customer_id: CUST-4150
  is_new_customer: false
  device_type: tablet
  payment_method: paypal
  referral_source: paid_search
  discount_code: 
  customer_note: Gift for my team
}
2026-05-21 21:21:43 | INFO | P02 |   Sending message with key=US-TX
2026-05-21 21:21:43 | INFO | P02 |   MESSAGE SENT  sent=1
2026-05-21 21:21:45 | INFO | P02 | {
  order_id: d61943e0-f543-4b5f-9c9a-18605ea4cfe5
  datetime: 2026-05-04T08:23:00Z
  region_id: US-TX
  currency_code: USD
  product_id: PY-DATA-002
  unit_price: 49.99
  quantity: 1
  is_online: true
  customer_id: CUST-1106
  is_new_customer: false
  device_type: mobile
  payment_method: paypal
  referral_source: paid_search
  discount_code: 
  customer_note: Gift for my team
}
2026-05-21 21:21:45 | INFO | P02 |   Sending message with key=US-TX
2026-05-21 21:21:45 | INFO | P02 |   MESSAGE SENT  sent=2
2026-05-21 21:21:47 | INFO | P02 | {
  order_id: 14da1915-8e74-47be-9e10-f7275d31af46
  datetime: 2026-05-04T08:28:00Z
  region_id: CA-QC
  currency_code: CAD
  product_id: PY-NLP-006
  unit_price: 54.99
  quantity: 1
  is_online: true
  customer_id: CUST-2133
  is_new_customer: false
  device_type: desktop
  payment_method: paypal
  referral_source: organic
  discount_code: 
  customer_note: Learning at my own pace
}
2026-05-21 21:21:47 | INFO | P02 |   Sending message with key=CA-QC
2026-05-21 21:21:47 | INFO | P02 |   MESSAGE SENT  sent=3
2026-05-21 21:21:49 | INFO | P02 | {
  order_id: d77ed935-9b28-431d-bc25-0a3fd98f4154
  datetime: 2026-05-04T08:40:00Z
  region_id: US-CA
  currency_code: USD
  product_id: PY-STREAM-005
  unit_price: 59.99
  quantity: 1
  is_online: true
  customer_id: CUST-5333
  is_new_customer: false
  device_type: mobile
  payment_method: paypal
  referral_source: organic
  discount_code: 
  customer_note: Highly recommend
}
2026-05-21 21:21:49 | INFO | P02 |   Sending message with key=US-CA
2026-05-21 21:21:49 | INFO | P02 |   MESSAGE SENT  sent=4
2026-05-21 21:21:51 | INFO | P02 | {
  order_id: 24b91995-25f8-4ad7-8fa6-2e4c15750e5e
  datetime: 2026-05-04T08:41:00Z
  region_id: US-MO
  currency_code: USD
  product_id: PY-VIZ-003
  unit_price: 39.99
  quantity: 1
  is_online: true
  customer_id: CUST-8573
  is_new_customer: false
  device_type: mobile
  payment_method: apple_pay
  referral_source: paid_search
  discount_code: 
  customer_note: Learning at my own pace
}
2026-05-21 21:21:51 | INFO | P02 |   Sending message with key=US-MO
2026-05-21 21:21:51 | INFO | P02 |   MESSAGE SENT  sent=5
2026-05-21 21:21:53 | INFO | P02 | {
  order_id: 1ec0fc8b-998c-4f43-8a66-19e1fa7d5fa8
  datetime: 2026-05-04T08:54:00Z
  region_id: CA-ON
  currency_code: CAD
  product_id: PY-SQL-004
  unit_price: 44.99
  quantity: 1
  is_online: true
  customer_id: CUST-8062
  is_new_customer: false
  device_type: tablet
  payment_method: paypal
  referral_source: organic
  discount_code: 
  customer_note: 
}
2026-05-21 21:21:53 | INFO | P02 |   Sending message with key=CA-ON
2026-05-21 21:21:53 | INFO | P02 |   MESSAGE SENT  sent=6
2026-05-21 21:21:55 | INFO | P02 | ========================
2026-05-21 21:21:55 | INFO | P02 | SECTION E. Exit
2026-05-21 21:21:55 | INFO | P02 | ========================
2026-05-21 21:21:55 | INFO | P02 | Summary:
2026-05-21 21:21:55 | INFO | P02 | Sent 6 message(s) to topic 'product-sales-case'.
2026-05-21 21:21:55 | INFO | P02 | ========================
2026-05-21 21:21:55 | INFO | P02 | Producer executed successfully!
2026-05-21 21:21:55 | INFO | P02 | ========================
